Timestamp,ท่านมีความยินดีในการตอบแบบสอบถามครั้งนี้หรือไม่,gender,age,education,job,income,book_type,directory_type,fiction_type,fiction_catagory,type_1,type_2,type_3,category_1,category_2,category_3,Purchase_CH,frequency,type_3m,type_6m,category_3m,category_6m,avg_cost,cost_per_book,favorite_autor,favorite_book,buy_in_6m,,,,,,
7/1/2024 18:40,ยินดีตอบแบบสอบถาม,ชาย,21-29 ปี,ปริญญาตรี หรือเทียบเท่า,นักศึกษา,"0 - 15,000 บาท",บันเทิงคดี (ตอบข้อ 5 - 6),สุขภาพ / อาหาร / ความงาม,นวนิยาย,ผจญภัย / แฟนตาซี,นิยาย เเละวรรณกรรม,สุขภาพ เเละการดูเเลรักษา,การศึกษา เเละการเรียนรู้,หนังสือการ์ตูน,นิยาย,สุขภาพ เเละความงาม,ซื้อออนไลน์,2 - 3 เดือนครั้ง,นิยาย เเละวรรณกรรม,นิยาย เเละวรรณกรรม,นิยาย,นิยาย,201 - 500 บาท,201 - 500 บาท,-,คุณอาเรียโต๊ะข้างๆ พูดรัสเซียหวานใส่ซะหัวใจจะวาย,นิยาย,,,,,,
7/1/2024 19:07,ยินดีตอบแบบสอบถาม,ชาย,30-39 ปี,มัธยมปลาย หรือเทียบเท่า,พนักงานบริษัทเอกชน,"15,001 – 30,000 บาท",บันเทิงคดี (ตอบข้อ 5 - 6),งานอดิเรก / งานฝีมือ,นิยายภาพ,ความรัก,การศึกษา เเละการเรียนรู้,การศึกษา เเละการเรียนรู้,การศึกษา เเละการเรียนรู้,หนังสือการ์ตูน,หนังสือการ์ตูน,หนังสือการ์ตูน,ซื้อที่ร้านหนังสือ,2 - 3 เดือนครั้ง,นิยาย เเละวรรณกรรม,นิยาย เเละวรรณกรรม,หนังสือการ์ตูน,หนังสือการ์ตูน,501 - 800 บาท,501 - 800 บาท,เรจิ มิยะจิมะ,แฟนเช่า,แฟนเช่า หนุ่มเย็บผ้ากับสาวคอสเพลย์,,,,,,
7/1/2024 19:08,ยินดีตอบแบบสอบถาม,ชาย,21-29 ปี,ปริญญาตรี หรือเทียบเท่า,พนักงานรัฐวิสาหกิจ,"0 - 15,000 บาท",บันเทิงคดี (ตอบข้อ 5 - 6),ความรู้รอบตัว,เรื่องสั้น,ตลกขำขัน,สุขภาพ เเละการดูเเลรักษา,ประวัติศาสตร์ เเละวัฒนธรรม,นิยาย เเละวรรณกรรม,หนังสือการ์ตูน,นิยาย,หนังสือท่องเที่ยว,ซื้อที่ร้านหนังสือ,นานกว่า 3 เดือนต่อครั้ง,นิยาย เเละวรรณกรรม,นิยาย เเละวรรณกรรม,หนังสือการ์ตูน,หนังสือการ์ตูน,ไม่เกิน 200 บาท,ไม่เกิน 200 บาท,-,หนังสือการ์ตูน,ไม่ได้ซื้อ,,,,,,
7/1/2024 19:56,ยินดีตอบแบบสอบถาม,หญิง,21-29 ปี,ปริญญาตรี หรือเทียบเท่า,นักศึกษา,"0 - 15,000 บาท",สารคดี (ตอบข้อ 4),ความรู้รอบตัว,นวนิยาย,ผจญภัย / แฟนตาซี,นิยาย เเละวรรณกรรม,วิทยาการ เเละเทคโนโลยี,การศึกษา เเละการเรียนรู้,นิยาย,หนังสือการ์ตูน,คอมพิวเตอร์,ซื้อที่ร้านหนังสือ,นานกว่า 3 เดือนต่อครั้ง,นิยาย เเละวรรณกรรม,นิยาย เเละวรรณกรรม,นิยาย,นิยาย,201 - 500 บาท,201 - 500 บาท,เฟิงหั่วซี่จูโหว,กระบี่จงมา,กระบี่จงมา ดาปหาญกล้าฝ่าแดนยุทธ,,,,,,
7/1/2024 20:15,ยินดีตอบแบบสอบถาม,ชาย,15-20 ปี,ปริญญาตรี หรือเทียบเท่า,นักศึกษา,"0 - 15,000 บาท",บันเทิงคดี (ตอบข้อ 5 - 6),ความรู้รอบตัว,นิยายภาพ,ผจญภัย / แฟนตาซี,นิยาย เเละวรรณกรรม,การศึกษา เเละการเรียนรู้,วิทยาการ เเละเทคโนโลยี,หนังสือการ์ตูน,นิยาย,หนังสือเรียน,ซื้อออนไลน์,นานกว่า 3 เดือนต่อครั้ง,นิยาย เเละวรรณกรรม,นิยาย เเละวรรณกรรม,นิยาย,นิยาย,201 - 500 บาท,201 - 500 บาท,-,-,นิยาย,,,,,,
7/2/2024 1:12,ยินดีตอบแบบสอบถาม,ชาย,21-29 ปี,ปริญญาตรี หรือเทียบเท่า,นักศึกษา,"0 - 15,000 บาท",สารคดี (ตอบข้อ 4),เทคโนโลยี / คอมพิวเตอร์,นวนิยาย,วิทยาศาสตร์ / ไซไฟ,วิทยาการ เเละเทคโนโลยี,การศึกษา เเละการเรียนรู้,ศาสนา เเละปรัชญา,คอมพิวเตอร์,หนังสือการ์ตูน,หนังสือเรียน,ซื้อที่ร้านหนังสือ,นานกว่า 3 เดือนต่อครั้ง,วิทยาการ เเละเทคโนโลยี,วิทยาการ เเละเทคโนโลยี,คอมพิวเตอร์,คอมพิวเตอร์,501 - 800 บาท,ไม่เกิน 200 บาท,-,Data science,"Data science, ภาษา C",,,,,,
7/2/2024 9:18,ยินดีตอบแบบสอบถาม,ชาย,21-29 ปี,ปวส.,พนักงานบริษัทเอกชน,"15,001 – 30,000 บาท",บันเทิงคดี (ตอบข้อ 5 - 6),ความรู้รอบตัว,นวนิยาย,ตลกขำขัน,นิยาย เเละวรรณกรรม,ประวัติศาสตร์ เเละวัฒนธรรม,วิทยาการ เเละเทคโนโลยี,หนังสือการ์ตูน,นิยาย,คอมพิวเตอร์,ซื้อออนไลน์,นานกว่า 3 เดือนต่อครั้ง,นิยาย เเละวรรณกรรม,นิยาย เเละวรรณกรรม,หนังสือการ์ตูน,หนังสือการ์ตูน,201 - 500 บาท,ไม่เกิน 200 บาท,โอดะ,onepiece,onepiece,,,,,,
7/2/2024 12:25,ยินดีตอบแบบสอบถาม,ชาย,21-29 ปี,ปริญญาโท,ธุรกิจส่วนตัว,"15,001 – 30,000 บาท",บันเทิงคดี (ตอบข้อ 5 - 6),งานอดิเรก / งานฝีมือ,นิยายภาพ,ผจญภัย / แฟนตาซี,นิยาย เเละวรรณกรรม,ธุรกิจ เเละการเงิน,สุขภาพ เเละการดูเเลรักษา,หนังสือการ์ตูน,วรรณกรรม,ไลฟ์สไตล์,ซื้อออนไลน์,นานกว่า 3 เดือนต่อครั้ง,นิยาย เเละวรรณกรรม,ธุรกิจ เเละการเงิน,หนังสือการ์ตูน,ไลฟ์สไตล์,"มากกว่า 1,500 บาท",501 - 800 บาท,~,ทุกเล่ม,เกลา หรือ (จำชื่อไม่ได้)​,,,,,,
7/2/2024 14:22,ยินดีตอบแบบสอบถาม,ชาย,21-29 ปี,ปริญญาตรี หรือเทียบเท่า,พนักงานบริษัทเอกชน,"15,001 – 30,000 บาท",บันเทิงคดี (ตอบข้อ 5 - 6),สารคดี / ประวัติศาสตร์ / ชีวประวัติ,การ์ตูน,ผจญภัย / แฟนตาซี,การ์ตูน,ประวัติศาสตร์ เเละวัฒนธรรม,การศึกษา เเละการเรียนรู้,หนังสือการ์ตูน,ไลฟ์สไตล์,คอมพิวเตอร์,ซื้อที่ร้านหนังสือ,2 - 3 เดือนครั้ง,นิยาย เเละวรรณกรรม,นิยาย เเละวรรณกรรม,หนังสือการ์ตูน,หนังสือการ์ตูน,201 - 500 บาท,ไม่เกิน 200 บาท,-,ไม่มี,การ์ตูนญี่ปุ่น,,,,,,
7/3/2024 18:00,ยินดีตอบแบบสอบถาม,ชาย,21-29 ปี,ปริญญาตรี หรือเทียบเท่า,ว่างงาน,"0 - 15,000 บาท",สารคดี (ตอบข้อ 4),วิทยาศาสตร์ / ดาราศาสตร์,นิยายภาพ,วิทยาศาสตร์ / ไซไฟ,วิทยาการ เเละเทคโนโลยี,การศึกษา เเละการเรียนรู้,ประวัติศาสตร์ เเละวัฒนธรรม,หนังสือการ์ตูน,ประวัติศาสตร์สงครามและอาวุธ,Concept art,งานสัปดาห์หนังสือแห่งชาติ,นานกว่า 3 เดือนต่อครั้ง,ไม่ได้ซื้อ,สารคดี สงครามโลก,คอมพิวเตอร์,โหราศาสตร์ ดูดวง ฮวงจุ้ย,201 - 500 บาท,201 - 500 บาท,ไม่มี,All tomorrows,ยานเกราะสมัย ww1 และ ww2 หนังสือการ์ตูนจากผลงานทีสิตนักศึกษาไทย,,,,,,
7/5/2024 16:08,ยินดีตอบแบบสอบถาม,หญิง,21-29 ปี,ปริญญาตรี หรือเทียบเท่า,นักศึกษา,"0 - 15,000 บาท",บันเทิงคดี (ตอบข้อ 5 - 6),ความรู้รอบตัว,นวนิยาย,ผจญภัย / แฟนตาซี,นิยาย เเละวรรณกรรม,การศึกษา เเละการเรียนรู้,วิทยาการ เเละเทคโนโลยี,นิยาย,หนังสือการ์ตูน,คอมพิวเตอร์,ซื้อที่ร้านหนังสือ,นานกว่า 3 เดือนต่อครั้ง,นิยาย เเละวรรณกรรม,นิยาย เเละวรรณกรรม,นิยาย,หนังสือการ์ตูน,201 - 500 บาท,201 - 500 บาท,ไม่มี,Hug time,หนังสือการ์ตูนหนังสือนิยาย,,,,,,
7/5/2024 16:09,ยินดีตอบแบบสอบถาม,หญิง,21-29 ปี,ปริญญาตรี หรือเทียบเท่า,ธุรกิจส่วนตัว,"15,001 – 30,000 บาท",บันเทิงคดี (ตอบข้อ 5 - 6),บริหาร / การเงิน / การตลาด,นวนิยาย,ผจญภัย / แฟนตาซี,นิยาย เเละวรรณกรรม,ธุรกิจ เเละการเงิน,การศึกษา เเละการเรียนรู้,นิยาย,หนังสือต่างประเทศ,หนังสือการ์ตูน,ซื้อออนไลน์,สัปดาห์ละครั้งหรือมากกว่า,นิยาย เเละวรรณกรรม,นิยาย เเละวรรณกรรม,นิยาย,นิยาย,"มากกว่า 1,500 บาท",501 - 800 บาท,-,-,-,,,,,,
7/5/2024 16:56,ยินดีตอบแบบสอบถาม,ชาย,21-29 ปี,ปริญญาตรี หรือเทียบเท่า,นักศึกษา,"0 - 15,000 บาท",บันเทิงคดี (ตอบข้อ 5 - 6),ความรู้รอบตัว,เรื่องสั้น,ผจญภัย / แฟนตาซี,นิยาย เเละวรรณกรรม,การศึกษา เเละการเรียนรู้,ประวัติศาสตร์ เเละวัฒนธรรม,หนังสือการ์ตูน,นิยาย,หนังสือเรียน,ซื้อที่ร้านหนังสือ,นานกว่า 3 เดือนต่อครั้ง,การศึกษา เเละการเรียนรู้,การศึกษา เเละการเรียนรู้,หนังสือเรียน,หนังสือเรียน,201 - 500 บาท,201 - 500 บาท,มาโคโตะ ชินไค,The power of output,หนังสือเรียน,,,,,,
7/5/2024 22:37,ยินดีตอบแบบสอบถาม,ชาย,21-29 ปี,ปริญญาตรี หรือเทียบเท่า,พนักงานบริษัทเอกชน,"มากกว่า 50,000 บาท",สารคดี (ตอบข้อ 4),บริหาร / การเงิน / การตลาด,นวนิยาย,วิทยาศาสตร์ / ไซไฟ,ธุรกิจ เเละการเงิน,วิทยาการ เเละเทคโนโลยี,ประวัติศาสตร์ เเละวัฒนธรรม,การเงิน,ธุรกิจ,จิตวิทยา,ซื้อออนไลน์,2 - 3 เดือนครั้ง,ธุรกิจ เเละการเงิน,ธุรกิจ เเละการเงิน,การเงิน,การเงิน,501 - 800 บาท,201 - 500 บาท,Ray Dalio,Principles,"Bitzscaling, Biz Life Crisis",,,,,,
7/6/2024 8:57,ยินดีตอบแบบสอบถาม,หญิง,21-29 ปี,ปริญญาตรี หรือเทียบเท่า,พนักงานรัฐวิสาหกิจ,"15,001 – 30,000 บาท",บันเทิงคดี (ตอบข้อ 5 - 6),จิตวิทยา / พัฒนาตนเอง,นวนิยาย,ผจญภัย / แฟนตาซี,นิยาย เเละวรรณกรรม,ธุรกิจ เเละการเงิน,วิทยาการ เเละเทคโนโลยี,นิยาย,หนังสือการ์ตูน,หนังสือเตรียมสอบ เเนวข้อสอบ,ซื้อออนไลน์,นานกว่า 3 เดือนต่อครั้ง,ธุรกิจ เเละการเงิน,นิยาย เเละวรรณกรรม,นิยาย,หนังสือการ์ตูน,"1,001 - 1,500 บาท",ไม่เกิน 200 บาท,-,คำอธิษฐานในวันที่จากลา Frieren,"มุกพรางประกาย, คำอธิษฐานในวันที่จากลา Frieren",,,,,,
7/8/2024 22:54,ยินดีตอบแบบสอบถาม,หญิง,21-29 ปี,ปริญญาตรี หรือเทียบเท่า,นักศึกษา,"15,001 – 30,000 บาท",บันเทิงคดี (ตอบข้อ 5 - 6),งานอดิเรก / งานฝีมือ,นวนิยาย,ผจญภัย / แฟนตาซี,การศึกษา เเละการเรียนรู้,วิทยาการ เเละเทคโนโลยี,สุขภาพ เเละการดูเเลรักษา,หนังสือต่างประเทศ,หนังสือเตรียมสอบ เเนวข้อสอบ,หนังสือท่องเที่ยว,ซื้อที่ร้านหนังสือ,เดือนละครั้ง,การศึกษา เเละการเรียนรู้,การศึกษา เเละการเรียนรู้,หนังสือเตรียมสอบ เเนวข้อสอบ,หนังสือต่างประเทศ,"801 - 1,000 บาท",501 - 800 บาท,najwa zebian,the book of healing,หนังสือเตรียมสอบ Toeic,,,,,,
7/8/2024 23:18,ยินดีตอบแบบสอบถาม,ชาย,30-39 ปี,ปริญญาตรี หรือเทียบเท่า,รับราชการ,"15,001 – 30,000 บาท",บันเทิงคดี (ตอบข้อ 5 - 6),เทคโนโลยี / คอมพิวเตอร์,นวนิยาย,ผจญภัย / แฟนตาซี,นิยาย เเละวรรณกรรม,วิทยาการ เเละเทคโนโลยี,สุขภาพ เเละการดูเเลรักษา,หนังสือการ์ตูน,คอมพิวเตอร์,นิยาย,ซื้อที่ร้านหนังสือ,นานกว่า 3 เดือนต่อครั้ง,วิทยาการ เเละเทคโนโลยี,วิทยาการ เเละเทคโนโลยี,คอมพิวเตอร์,คอมพิวเตอร์,201 - 500 บาท,201 - 500 บาท,-,-,-,,,,,,
7/8/2024 23:41,ยินดีตอบแบบสอบถาม,ชาย,21-29 ปี,ปริญญาตรี หรือเทียบเท่า,นักศึกษา,"0 - 15,000 บาท",สารคดี (ตอบข้อ 4),เทคโนโลยี / คอมพิวเตอร์,เรื่องสั้น,ฆาตกรรม / สืบสวน สอบสวน,ประวัติศาสตร์ เเละวัฒนธรรม,ประวัติศาสตร์ เเละวัฒนธรรม,วิทยาการ เเละเทคโนโลยี,วรรณกรรม,ไลฟ์สไตล์,หนังสือเรียน,ซื้อที่ร้านหนังสือ,นานกว่า 3 เดือนต่อครั้ง,วิทยาการ เเละเทคโนโลยี,วิทยาการ เเละเทคโนโลยี,คอมพิวเตอร์,คอมพิวเตอร์,501 - 800 บาท,201 - 500 บาท,-,-,AI and Machine Learning for Coder,,,,,,
7/12/2024 11:58,ยินดีตอบแบบสอบถาม,หญิง,21-29 ปี,ปวส.,ธุรกิจส่วนตัว,"15,001 – 30,000 บาท",บันเทิงคดี (ตอบข้อ 5 - 6),บริหาร / การเงิน / การตลาด,นิยายภาพ,วิทยาศาสตร์ / ไซไฟ,นิยาย เเละวรรณกรรม,วิทยาการ เเละเทคโนโลยี,ธุรกิจ เเละการเงิน,หนังสือการ์ตูน,หนังสือเรียน,นิยาย,ซื้อที่ร้านหนังสือ,เดือนละครั้ง,"นิยาย เเละวรรณกรรม, วิทยาการ เเละเทคโนโลยี, ประวัติศาสตร์ เเละวัฒนธรรม, ธุรกิจ เเละการเงิน","นิยาย เเละวรรณกรรม, วิทยาการ เเละเทคโนโลยี, การศึกษา เเละการเรียนรู้, ธุรกิจ เเละการเงิน, สุขภาพ เเละการดูเเลรักษา","หนังสือเรียน, หนังสือการ์ตูน, นิยาย, วรรณกรรม, หนังสือท่องเที่ยว, หนังสือต่างประเทศ, หนังสือเตรียมสอบ เเนวข้อสอบ","หนังสือเรียน, หนังสือการ์ตูน, นิยาย, วรรณกรรม, หนังสือท่องเที่ยว, ไลฟ์สไตล์, สุขภาพ เเละความงาม, หนังสือต่างประเทศ, หนังสือเตรียมสอบ เเนวข้อสอบ",501 - 800 บาท,201 - 500 บาท,-,การิน,การิน เตรียมสอบ,,,,,,
7/17/2024 20:42,ยินดีตอบแบบสอบถาม,ชาย,21-29 ปี,มัธยมปลาย หรือเทียบเท่า,นักศึกษา,"0 - 15,000 บาท",บันเทิงคดี (ตอบข้อ 3-4) (เป็นหนังสือที่มีเนื้อหาให้ความบันเทิงแก่ผู้อ่าน),ไม่ได้อ่าน,มังงะ,ผจญภัย / แฟนตาซี,นิยาย เเละวรรณกรรม,วิทยาการ เเละเทคโนโลยี,การศึกษา เเละการเรียนรู้,หนังสือการ์ตูน,คอมพิวเตอร์,นิยาย,ซื้อออนไลน์,นานกว่า 3 เดือนต่อครั้ง,"นิยาย เเละวรรณกรรม, วิทยาการ เเละเทคโนโลยี","นิยาย เเละวรรณกรรม, วิทยาการ เเละเทคโนโลยี","หนังสือการ์ตูน, นิยาย, คอมพิวเตอร์","หนังสือการ์ตูน, นิยาย, คอมพิวเตอร์",201 - 500 บาท,201 - 500 บาท,,มังงะ tensei shitara slime datta ken,มังงะ tensei shitara slime datta ken,,,,,,
7/18/2024 0:11,ยินดีตอบแบบสอบถาม,ชาย,21-29 ปี,ปริญญาตรี หรือเทียบเท่า,นักศึกษา,"0 - 15,000 บาท",สารคดี (ตอบข้อ 2) (เป็นหนังสือที่มุ่งให้ความรู้แก่ผู้อ่าน มีเนื้อหาหลากหลาย ครอบคลุมวิชาการสาขาต่าง ๆ),ความรู้รอบตัว,นวนิยาย,ตลกขำขัน,นิยาย เเละวรรณกรรม,ธุรกิจ เเละการเงิน,สุขภาพ เเละการดูเเลรักษา,หนังสือท่องเที่ยว,โหราศาสตร์ ดูดวง ฮวงจุ้ย,สุขภาพ เเละความงาม,,นานกว่า 3 เดือนต่อครั้ง,ศาสนา เเละปรัชญา,ธุรกิจ เเละการเงิน,"โหราศาสตร์ ดูดวง ฮวงจุ้ย, หนังสือต่างประเทศ",หนังสือเตรียมสอบ เเนวข้อสอบ,201 - 500 บาท,201 - 500 บาท,อากิระ โทริยามะ,ไม่มี,ไม่มี,,,,,,
7/19/2024 22:53,ยินดีตอบแบบสอบถาม,ชาย,21-29 ปี,ปริญญาตรี หรือเทียบเท่า,นักศึกษา,"0 - 15,000 บาท",บันเทิงคดี (ตอบข้อ 3-4) (เป็นหนังสือที่มีเนื้อหาให้ความบันเทิงแก่ผู้อ่าน),เทคโนโลยี / คอมพิวเตอร์,นิยายภาพ,ความรัก,วิทยาการ เเละเทคโนโลยี,วิทยาการ เเละเทคโนโลยี,ธุรกิจ เเละการเงิน,หนังสือการ์ตูน,นิยาย,คอมพิวเตอร์,ซื้อออนไลน์,2 - 3 สัปดาห์ครั้ง,นิยาย เเละวรรณกรรม,นิยาย เเละวรรณกรรม,หนังสือการ์ตูน,หนังสือการ์ตูน,201 - 500 บาท,ไม่เกิน 200 บาท,ฟูจิโอะ ,Kaiju no.8,การตูน,,,,,,
7/19/2024 22:58,ยินดีตอบแบบสอบถาม,ชาย,21-29 ปี,ปริญญาตรี หรือเทียบเท่า,นักศึกษา,"0 - 15,000 บาท",บันเทิงคดี (ตอบข้อ 3-4) (เป็นหนังสือที่มีเนื้อหาให้ความบันเทิงแก่ผู้อ่าน),สารคดี / ประวัติศาสตร์ / ชีวประวัติ,นิยายภาพ,ตลกขำขัน,ประวัติศาสตร์ เเละวัฒนธรรม,ธุรกิจ เเละการเงิน,วิทยาการ เเละเทคโนโลยี,คอมพิวเตอร์,หนังสือการ์ตูน,ไลฟ์สไตล์,ซื้อออนไลน์,นานกว่า 3 เดือนต่อครั้ง,"วิทยาการ เเละเทคโนโลยี, ประวัติศาสตร์ เเละวัฒนธรรม, ธุรกิจ เเละการเงิน","วิทยาการ เเละเทคโนโลยี, ประวัติศาสตร์ เเละวัฒนธรรม, ธุรกิจ เเละการเงิน","หนังสือการ์ตูน, คอมพิวเตอร์, หนังสือต่างประเทศ","หนังสือการ์ตูน, ไลฟ์สไตล์, คอมพิวเตอร์, หนังสือต่างประเทศ","801 - 1,000 บาท","801 - 1,000 บาท",,ครอบครัวตึ๋งหนืด,ครอบครัวตึ๋งหนืด,,,,,,
7/19/2024 23:01,ยินดีตอบแบบสอบถาม,ชาย,21-29 ปี,ปริญญาตรี หรือเทียบเท่า,นักศึกษา,"0 - 15,000 บาท",สารคดี (ตอบข้อ 2) (เป็นหนังสือที่มุ่งให้ความรู้แก่ผู้อ่าน มีเนื้อหาหลากหลาย ครอบคลุมวิชาการสาขาต่าง ๆ),ความรู้รอบตัว,นวนิยาย,ผจญภัย / แฟนตาซี,นิยาย เเละวรรณกรรม,ประวัติศาสตร์ เเละวัฒนธรรม,วิทยาการ เเละเทคโนโลยี,หนังสือการ์ตูน,หนังสือเรียน,คอมพิวเตอร์,ซื้อที่ร้านหนังสือ,เดือนละครั้ง,นิยาย เเละวรรณกรรม,นิยาย เเละวรรณกรรม,"หนังสือเรียน, หนังสือการ์ตูน, นิยาย","หนังสือเรียน, หนังสือการ์ตูน, นิยาย, คอมพิวเตอร์",501 - 800 บาท,501 - 800 บาท,Isayama Hajime,Attack on Titan,"Konosuba,No game No Life,Record of Ragnarok",,,,,,
7/23/2024 14:13,ยินดีตอบแบบสอบถาม,หญิง,21-29 ปี,ปริญญาตรี หรือเทียบเท่า,รับจ้างทั่วไป,"15,001 – 30,000 บาท",บันเทิงคดี (ตอบข้อ 3-4) (เป็นหนังสือที่มีเนื้อหาให้ความบันเทิงแก่ผู้อ่าน),ท่องเที่ยว,เรื่องสั้น,อิงประวัติศาสตร์,ประวัติศาสตร์ เเละวัฒนธรรม,ประวัติศาสตร์ เเละวัฒนธรรม,ประวัติศาสตร์ เเละวัฒนธรรม,หนังสือท่องเที่ยว,หนังสือท่องเที่ยว,หนังสือท่องเที่ยว,ซื้อออนไลน์,2 - 3 เดือนครั้ง,ประวัติศาสตร์ เเละวัฒนธรรม,ประวัติศาสตร์ เเละวัฒนธรรม,หนังสือท่องเที่ยว,หนังสือท่องเที่ยว,501 - 800 บาท,501 - 800 บาท,สิรภพ มหรรฆสุวรรณ,โตเกียว เล่มเดียวเที่ยวได้จริง,หนังสือท่องเที่ยว,,,,,,
7/24/2024 11:25,ยินดีตอบแบบสอบถาม,หญิง,21-29 ปี,ปริญญาโท,พนักงานบริษัทเอกชน,"15,001 – 30,000 บาท",สารคดี (ตอบข้อ 2) (เป็นหนังสือที่มุ่งให้ความรู้แก่ผู้อ่าน มีเนื้อหาหลากหลาย ครอบคลุมวิชาการสาขาต่าง ๆ),บริหาร / การเงิน / การตลาด,เรื่องสั้น,วิทยาศาสตร์ / ไซไฟ,ธุรกิจ เเละการเงิน,วิทยาการ เเละเทคโนโลยี,สุขภาพ เเละการดูเเลรักษา,หนังสือเตรียมสอบ เเนวข้อสอบ,หนังสือเรียน,นิยาย,ซื้อออนไลน์,เดือนละครั้ง,ธุรกิจ เเละการเงิน,ธุรกิจ เเละการเงิน,นิยาย,หนังสือเรียน,201 - 500 บาท,201 - 500 บาท,,กรณีศึการบริหารการตลาด,ใจพิสุทธิ์,,,,,,
7/24/2024 16:29,ยินดีตอบแบบสอบถาม,หญิง,21-29 ปี,ปริญญาตรี หรือเทียบเท่า,นักศึกษา,"15,001 – 30,000 บาท",บันเทิงคดี (ตอบข้อ 3-4) (เป็นหนังสือที่มีเนื้อหาให้ความบันเทิงแก่ผู้อ่าน),ความรู้รอบตัว,นิยายภาพ,ตลกขำขัน,นิยาย เเละวรรณกรรม,สุขภาพ เเละการดูเเลรักษา,วิทยาการ เเละเทคโนโลยี,หนังสือการ์ตูน,นิยาย,วรรณกรรม,,สัปดาห์ละครั้งหรือมากกว่า,นิยาย เเละวรรณกรรม,นิยาย เเละวรรณกรรม,หนังสือการ์ตูน,หนังสือการ์ตูน,501 - 800 บาท,501 - 800 บาท,,หนังสือการ์ตูนทั่วไป,หนังสือการ์ตูนทั่วไป,,,,,,
7/24/2024 19:20,ยินดีตอบแบบสอบถาม,ชาย,30-39 ปี,ปริญญาโท,นักศึกษา,"0 - 15,000 บาท",สารคดี (ตอบข้อ 2) (เป็นหนังสือที่มุ่งให้ความรู้แก่ผู้อ่าน มีเนื้อหาหลากหลาย ครอบคลุมวิชาการสาขาต่าง ๆ),สารคดี / ประวัติศาสตร์ / ชีวประวัติ,เรื่องสั้น,ศาสนา / การเมือง,ประวัติศาสตร์ เเละวัฒนธรรม,ศาสนา เเละปรัชญา,วิทยาการ เเละเทคโนโลยี,หนังสือเรียน,คอมพิวเตอร์,หนังสือต่างประเทศ,ซื้อออนไลน์,สัปดาห์ละครั้งหรือมากกว่า,"นิยาย เเละวรรณกรรม, วิทยาการ เเละเทคโนโลยี, ประวัติศาสตร์ เเละวัฒนธรรม, การศึกษา เเละการเรียนรู้, ศาสนา เเละปรัชญา","นิยาย เเละวรรณกรรม, วิทยาการ เเละเทคโนโลยี, ประวัติศาสตร์ เเละวัฒนธรรม, การศึกษา เเละการเรียนรู้, ศาสนา เเละปรัชญา","หนังสือเรียน, วรรณกรรม, หนังสือต่างประเทศ, หนังสือเตรียมสอบ เเนวข้อสอบ","หนังสือเรียน, วรรณกรรม, หนังสือต่างประเทศ, หนังสือเตรียมสอบ เเนวข้อสอบ","1,001 - 1,500 บาท",201 - 500 บาท,หนุ่ม เมืองจันท์,ฟาสต์ฟู๊ดธุรกิจ,หนังสือด้านประวัติศาสตร์ สังคมศาสตร์ สังคมวิทยา มานุษยวิทยา และการวิจัย,,,,,,
7/26/2024 12:42,ยินดีตอบแบบสอบถาม,ชาย,21-29 ปี,ปวช.,นักศึกษา,"0 - 15,000 บาท",บันเทิงคดี (ตอบข้อ 3-4) (เป็นหนังสือที่มีเนื้อหาให้ความบันเทิงแก่ผู้อ่าน),เทคโนโลยี / คอมพิวเตอร์,มังงะ,ผจญภัย / แฟนตาซี,วิทยาการ เเละเทคโนโลยี,นิยาย เเละวรรณกรรม,การศึกษา เเละการเรียนรู้,หนังสือการ์ตูน,หนังสือเรียน,หนังสือท่องเที่ยว,ซื้อออนไลน์,นานกว่า 3 เดือนต่อครั้ง,"นิยาย เเละวรรณกรรม, วิทยาการ เเละเทคโนโลยี","วิทยาการ เเละเทคโนโลยี, ประวัติศาสตร์ เเละวัฒนธรรม",หนังสือเรียน,หนังสือการ์ตูน,201 - 500 บาท,201 - 500 บาท,ป๋องแป๊ง อาจวรงค์จัทมาศ,ภาษาจักวาล ประวัติศาตร์คณิต,หนังสือdatascience,,,,,,
7/26/2024 22:01,ยินดีตอบแบบสอบถาม,ชาย,21-29 ปี,ปริญญาตรี หรือเทียบเท่า,นักศึกษา,"0 - 15,000 บาท",บันเทิงคดี (ตอบข้อ 3-4) (เป็นหนังสือที่มีเนื้อหาให้ความบันเทิงแก่ผู้อ่าน),ความรู้รอบตัว,มังงะ,ผจญภัย / แฟนตาซี,หนังสือการตูน,นิยาย เเละวรรณกรรม,การศึกษา เเละการเรียนรู้,หนังสือการ์ตูน,ไลฟ์สไตล์,หนังสือต่างประเทศ,ซื้อที่ร้านหนังสือ,สัปดาห์ละครั้งหรือมากกว่า,การ์ตูน,การ์ตูน,หนังสือการ์ตูน,หนังสือการ์ตูน,201 - 500 บาท,201 - 500 บาท,ผู้แต่ง ซันซันซัน,Youkoso Jitsuryoku Shijou Shugi no Kyoushitsu e,การ์ตูน,,,,,,
7/26/2024 22:41,ยินดีตอบแบบสอบถาม,ชาย,21-29 ปี,ปริญญาตรี หรือเทียบเท่า,นักศึกษา,"0 - 15,000 บาท",บันเทิงคดี (ตอบข้อ 3-4) (เป็นหนังสือที่มีเนื้อหาให้ความบันเทิงแก่ผู้อ่าน),ศิลปะ / ดนตรี,นวนิยาย,ผจญภัย / แฟนตาซี,นิยาย เเละวรรณกรรม,นิยาย เเละวรรณกรรม,นิยาย เเละวรรณกรรม,หนังสือการ์ตูน,หนังสือการ์ตูน,หนังสือการ์ตูน,ซื้อที่ร้านหนังสือ,นานกว่า 3 เดือนต่อครั้ง,นิยาย เเละวรรณกรรม,นิยาย เเละวรรณกรรม,หนังสือการ์ตูน,หนังสือเรียน,"1,001 - 1,500 บาท","1,001 - 1,500 บาท",,แฮรี่พอตเตอร์,แฮรี่พอตเตอร์ ,,,,,,
7/26/2024 23:07,ยินดีตอบแบบสอบถาม,ชาย,21-29 ปี,ปริญญาตรี หรือเทียบเท่า,นักศึกษา,"0 - 15,000 บาท",บันเทิงคดี (ตอบข้อ 3-4) (เป็นหนังสือที่มีเนื้อหาให้ความบันเทิงแก่ผู้อ่าน),สารคดี / ประวัติศาสตร์ / ชีวประวัติ,เรื่องสั้น,ตลกขำขัน,ประวัติศาสตร์ เเละวัฒนธรรม,วิทยาการ เเละเทคโนโลยี,นิยาย เเละวรรณกรรม,หนังสือการ์ตูน,คอมพิวเตอร์,หนังสือต่างประเทศ,ซื้อออนไลน์,เดือนละครั้ง,"วิทยาการ เเละเทคโนโลยี, ประวัติศาสตร์ เเละวัฒนธรรม, ธุรกิจ เเละการเงิน","ประวัติศาสตร์ เเละวัฒนธรรม, ธุรกิจ เเละการเงิน, ศาสนา เเละปรัชญา","หนังสือเรียน, หนังสือการ์ตูน, คอมพิวเตอร์","หนังสือเรียน, นิยาย, หนังสือท่องเที่ยว","1,001 - 1,500 บาท",ไม่เกิน 200 บาท,,I ,The ,,,,,,
7/27/2024 18:03,ยินดีตอบแบบสอบถาม,ชาย,21-29 ปี,ปริญญาตรี หรือเทียบเท่า,นักศึกษา,"0 - 15,000 บาท",สารคดี (ตอบข้อ 2) (เป็นหนังสือที่มุ่งให้ความรู้แก่ผู้อ่าน มีเนื้อหาหลากหลาย ครอบคลุมวิชาการสาขาต่าง ๆ),เทคโนโลยี / คอมพิวเตอร์,,,การศึกษา เเละการเรียนรู้,นิยาย เเละวรรณกรรม,ธุรกิจ เเละการเงิน,ไลฟ์สไตล์,หนังสือต่างประเทศ,หนังสือการ์ตูน,ซื้อที่ร้านหนังสือ,2 - 3 สัปดาห์ครั้ง,วิทยาการ เเละเทคโนโลยี,"ประวัติศาสตร์ เเละวัฒนธรรม, การศึกษา เเละการเรียนรู้","หนังสือเรียน, หนังสือการ์ตูน, นิยาย","หนังสือเรียน, หนังสือการ์ตูน, นิยาย, หนังสือท่องเที่ยว, ไลฟ์สไตล์, สุขภาพ เเละความงาม",201 - 500 บาท,201 - 500 บาท,,พลศาสตร์วิศวะกรรม,พลศาสตร์เบื่องต้น,,,,,,
7/27/2024 23:33,ยินดีตอบแบบสอบถาม,ชาย,21-29 ปี,ปริญญาตรี หรือเทียบเท่า,พนักงานบริษัทเอกชน,"15,001 – 30,000 บาท",สารคดี (ตอบข้อ 2) (เป็นหนังสือที่มุ่งให้ความรู้แก่ผู้อ่าน มีเนื้อหาหลากหลาย ครอบคลุมวิชาการสาขาต่าง ๆ),ท่องเที่ยว,นวนิยาย,สะท้อนสังคม,นิยาย เเละวรรณกรรม,วิทยาการ เเละเทคโนโลยี,สุขภาพ เเละการดูเเลรักษา,หนังสือท่องเที่ยว,สุขภาพ เเละความงาม,ไลฟ์สไตล์,ซื้อที่ร้านหนังสือ,เดือนละครั้ง,นิยาย เเละวรรณกรรม,สุขภาพ เเละการดูเเลรักษา,"นิยาย, วรรณกรรม, หนังสือท่องเที่ยว","วรรณกรรม, ไลฟ์สไตล์, สุขภาพ เเละความงาม",501 - 800 บาท,ไม่เกิน 200 บาท,,แอนิมอล ฟาร์ม สงครามกบฏของสรรพสัตว์ หนังสือโดย จอร์จ ออร์เวลล์,จดหมายรักจากนายไม้ประดับ,,,,,,
7/27/2024 23:37,ยินดีตอบแบบสอบถาม,หญิง,30-39 ปี,ปริญญาตรี หรือเทียบเท่า,รับราชการ,"30,001 – 50,000 บาท",บันเทิงคดี (ตอบข้อ 3-4) (เป็นหนังสือที่มีเนื้อหาให้ความบันเทิงแก่ผู้อ่าน),จิตวิทยา / พัฒนาตนเอง,นวนิยาย,ความรัก,นิยาย เเละวรรณกรรม,สุขภาพ เเละการดูเเลรักษา,การศึกษา เเละการเรียนรู้,ไลฟ์สไตล์,วรรณกรรม,สุขภาพ เเละความงาม,ซื้อที่ร้านหนังสือ,เดือนละครั้ง,นิยาย เเละวรรณกรรม,สุขภาพ เเละการดูเเลรักษา,สุขภาพ เเละความงาม,"วรรณกรรม, สุขภาพ เเละความงาม","801 - 1,000 บาท",201 - 500 บาท,,ชีวิตมหัศจรรย์ของออกัสต์,ชีวิตมหัศจรรย์ของออกัสต์,,,,,,
7/27/2024 23:39,ยินดีตอบแบบสอบถาม,หญิง,40-49 ปี,ปริญญาตรี หรือเทียบเท่า,รับราชการ,"30,001 – 50,000 บาท",บันเทิงคดี (ตอบข้อ 3-4) (เป็นหนังสือที่มีเนื้อหาให้ความบันเทิงแก่ผู้อ่าน),ความรู้รอบตัว,นิยายภาพ,สะท้อนสังคม,สุขภาพ เเละการดูเเลรักษา,ธุรกิจ เเละการเงิน,นิยาย เเละวรรณกรรม,ไลฟ์สไตล์,สุขภาพ เเละความงาม,นิยาย,ซื้อที่ร้านหนังสือ,2 - 3 เดือนครั้ง,นิยาย เเละวรรณกรรม,"นิยาย เเละวรรณกรรม, สุขภาพ เเละการดูเเลรักษา","วรรณกรรม, สุขภาพ เเละความงาม","นิยาย, วรรณกรรม",501 - 800 บาท,201 - 500 บาท,,จดหมายรักจากนายไม้ประดับ,จดหมายรักจากนายไม้ประดับ,,,,,,
7/29/2024 22:20,ยินดีตอบแบบสอบถาม,หญิง,30-39 ปี,ปริญญาตรี หรือเทียบเท่า,พนักงานรัฐวิสาหกิจ,"15,001 – 30,000 บาท",บันเทิงคดี (ตอบข้อ 3-4) (เป็นหนังสือที่มีเนื้อหาให้ความบันเทิงแก่ผู้อ่าน),สุขภาพ / อาหาร / ความงาม,นิยายภาพ,ความรัก,นิยาย เเละวรรณกรรม,สุขภาพ เเละการดูเเลรักษา,วิทยาการ เเละเทคโนโลยี,นิยาย,หนังสือท่องเที่ยว,ไลฟ์สไตล์,ซื้อที่ร้านหนังสือ,2 - 3 เดือนครั้ง,นิยาย เเละวรรณกรรม,"นิยาย เเละวรรณกรรม, สุขภาพ เเละการดูเเลรักษา",นิยาย,"นิยาย, วรรณกรรม, ไลฟ์สไตล์, สุขภาพ เเละความงาม","801 - 1,000 บาท",201 - 500 บาท,,แต่ปางก่อน,ราตรีประดับดาว แมวน้อยสื่อรักซานโตรินี,,,,,,
7/29/2024 22:27,ยินดีตอบแบบสอบถาม,หญิง,40-49 ปี,ปริญญาตรี หรือเทียบเท่า,รับราชการ,"30,001 – 50,000 บาท",บันเทิงคดี (ตอบข้อ 3-4) (เป็นหนังสือที่มีเนื้อหาให้ความบันเทิงแก่ผู้อ่าน),พืช / การเกษตร,นวนิยาย,ความรัก,นิยาย เเละวรรณกรรม,สุขภาพ เเละการดูเเลรักษา,ธุรกิจ เเละการเงิน,นิยาย,สุขภาพ เเละความงาม,ไลฟ์สไตล์,ซื้อที่ร้านหนังสือ,เดือนละครั้ง,"นิยาย เเละวรรณกรรม, สุขภาพ เเละการดูเเลรักษา","นิยาย เเละวรรณกรรม, การศึกษา เเละการเรียนรู้, สุขภาพ เเละการดูเเลรักษา",นิยาย,"นิยาย, วรรณกรรม, สุขภาพ เเละความงาม","1,001 - 1,500 บาท",201 - 500 บาท,,เรือนไม้สีเบจ,เรือนไม้สีเบจ เคล็ดลำอายุยืนจากลำไส้ ,,,,,,
7/29/2024 22:30,ยินดีตอบแบบสอบถาม,ชาย,30-39 ปี,ปริญญาตรี หรือเทียบเท่า,รับราชการ,"30,001 – 50,000 บาท",สารคดี (ตอบข้อ 2) (เป็นหนังสือที่มุ่งให้ความรู้แก่ผู้อ่าน มีเนื้อหาหลากหลาย ครอบคลุมวิชาการสาขาต่าง ๆ),ท่องเที่ยว,เรื่องสั้น,ผจญภัย / แฟนตาซี,ประวัติศาสตร์ เเละวัฒนธรรม,สุขภาพ เเละการดูเเลรักษา,นิยาย เเละวรรณกรรม,สุขภาพ เเละความงาม,หนังสือท่องเที่ยว,ไลฟ์สไตล์,ซื้อที่ร้านหนังสือ,เดือนละครั้ง,"นิยาย เเละวรรณกรรม, วิทยาการ เเละเทคโนโลยี, สุขภาพ เเละการดูเเลรักษา","นิยาย เเละวรรณกรรม, วิทยาการ เเละเทคโนโลยี, สุขภาพ เเละการดูเเลรักษา","นิยาย, วรรณกรรม","นิยาย, วรรณกรรม, ไลฟ์สไตล์","801 - 1,000 บาท",201 - 500 บาท,,สุขภาพดีด้วยวิธีกล้วยๆ,สุขภาพดีด้วยวิธีกล้วยๆ ปวดหลังหายได้ด้วยธรรมชาติบำบัด,,,,,,
7/29/2024 22:35,ยินดีตอบแบบสอบถาม,หญิง,21-29 ปี,ปริญญาตรี หรือเทียบเท่า,พนักงานบริษัทเอกชน,"0 - 15,000 บาท",บันเทิงคดี (ตอบข้อ 3-4) (เป็นหนังสือที่มีเนื้อหาให้ความบันเทิงแก่ผู้อ่าน),ความรู้รอบตัว,นิยายภาพ,ความรัก,นิยาย เเละวรรณกรรม,สุขภาพ เเละการดูเเลรักษา,ประวัติศาสตร์ เเละวัฒนธรรม,นิยาย,หนังสือท่องเที่ยว,สุขภาพ เเละความงาม,ซื้อที่ร้านหนังสือ,2 - 3 สัปดาห์ครั้ง,"นิยาย เเละวรรณกรรม, สุขภาพ เเละการดูเเลรักษา","ประวัติศาสตร์ เเละวัฒนธรรม, ธุรกิจ เเละการเงิน, สุขภาพ เเละการดูเเลรักษา","นิยาย, วรรณกรรม","นิยาย, หนังสือท่องเที่ยว, ไลฟ์สไตล์, สุขภาพ เเละความงาม","1,001 - 1,500 บาท",201 - 500 บาท,,ร่มไม้ใบบาง ,ร่มไม้ใบบาง ปลายเทียน ล้างพิษขจัดโรค ,,,,,,
7/30/2024 12:18,ยินดีตอบแบบสอบถาม,หญิง,15-20 ปี,ปริญญาตรี หรือเทียบเท่า,นักศึกษา,"0 - 15,000 บาท",บันเทิงคดี (ตอบข้อ 3-4) (เป็นหนังสือที่มีเนื้อหาให้ความบันเทิงแก่ผู้อ่าน),,นวนิยาย,ความรัก,นิยาย เเละวรรณกรรม,การศึกษา เเละการเรียนรู้,สุขภาพ เเละการดูเเลรักษา,นิยาย,หนังสือเรียน,คอมพิวเตอร์,ซื้อที่ร้านหนังสือ,นานกว่า 3 เดือนต่อครั้ง,"นิยาย เเละวรรณกรรม, วิทยาการ เเละเทคโนโลยี, การศึกษา เเละการเรียนรู้, ธุรกิจ เเละการเงิน",นิยาย เเละวรรณกรรม,"หนังสือเรียน, นิยาย, คอมพิวเตอร์","หนังสือเรียน, นิยาย",201 - 500 บาท,ไม่เกิน 200 บาท,,Vitamin C,หนังสือเรียน,,,,,,
7/30/2024 12:19,ยินดีตอบแบบสอบถาม,หญิง,15-20 ปี,ปริญญาตรี หรือเทียบเท่า,นักศึกษา,"0 - 15,000 บาท",บันเทิงคดี (ตอบข้อ 3-4) (เป็นหนังสือที่มีเนื้อหาให้ความบันเทิงแก่ผู้อ่าน),,นวนิยาย,ผจญภัย / แฟนตาซี,นิยาย เเละวรรณกรรม,การศึกษา เเละการเรียนรู้,วิทยาการ เเละเทคโนโลยี,นิยาย,หนังสือการ์ตูน,ไลฟ์สไตล์,ซื้อที่ร้านหนังสือ,สัปดาห์ละครั้งหรือมากกว่า,นิยาย เเละวรรณกรรม,นิยาย เเละวรรณกรรม,นิยาย,นิยาย,201 - 500 บาท,201 - 500 บาท,,หนูหิ่น,หนังสือเรียน,,,,,,
7/30/2024 12:20,ยินดีตอบแบบสอบถาม,ชาย,15-20 ปี,ปริญญาตรี หรือเทียบเท่า,นักศึกษา,"0 - 15,000 บาท",บันเทิงคดี (ตอบข้อ 3-4) (เป็นหนังสือที่มีเนื้อหาให้ความบันเทิงแก่ผู้อ่าน),เทคโนโลยี / คอมพิวเตอร์,นวนิยาย,ผจญภัย / แฟนตาซี,วิทยาการ เเละเทคโนโลยี,การศึกษา เเละการเรียนรู้,วิทยาการ เเละเทคโนโลยี,คอมพิวเตอร์,โหราศาสตร์ ดูดวง ฮวงจุ้ย,วรรณกรรม,ซื้อที่ร้านหนังสือ,นานกว่า 3 เดือนต่อครั้ง,"วิทยาการ เเละเทคโนโลยี, ธุรกิจ เเละการเงิน","ประวัติศาสตร์ เเละวัฒนธรรม, การศึกษา เเละการเรียนรู้","หนังสือการ์ตูน, หนังสือท่องเที่ยว","หนังสือเรียน, หนังสือท่องเที่ยว",501 - 800 บาท,"801 - 1,000 บาท",,React+nodejs,React+nodejs,,,,,,
7/30/2024 12:22,ยินดีตอบแบบสอบถาม,หญิง,15-20 ปี,มัธยมปลาย หรือเทียบเท่า,นักเรียน,"0 - 15,000 บาท",บันเทิงคดี (ตอบข้อ 3-4) (เป็นหนังสือที่มีเนื้อหาให้ความบันเทิงแก่ผู้อ่าน),ความรู้รอบตัว,เรื่องสั้น,ศาสนา / การเมือง,ประวัติศาสตร์ เเละวัฒนธรรม,วิทยาการ เเละเทคโนโลยี,ศาสนา เเละปรัชญา,หนังสือการ์ตูน,วรรณกรรม,คอมพิวเตอร์,ซื้อออนไลน์,นานกว่า 3 เดือนต่อครั้ง,"นิยาย เเละวรรณกรรม, วิทยาการ เเละเทคโนโลยี, ประวัติศาสตร์ เเละวัฒนธรรม, การศึกษา เเละการเรียนรู้","นิยาย เเละวรรณกรรม, วิทยาการ เเละเทคโนโลยี, ประวัติศาสตร์ เเละวัฒนธรรม, การศึกษา เเละการเรียนรู้",หนังสือการ์ตูน,หนังสือการ์ตูน,201 - 500 บาท,201 - 500 บาท,,เพราะเป็นวัยรุ่นเลยเจ็บปวด,หนังสือเรียน,,,,,,
7/30/2024 12:22,ยินดีตอบแบบสอบถาม,ชาย,15-20 ปี,ปริญญาตรี หรือเทียบเท่า,นักศึกษา,"0 - 15,000 บาท",บันเทิงคดี (ตอบข้อ 3-4) (เป็นหนังสือที่มีเนื้อหาให้ความบันเทิงแก่ผู้อ่าน),ความรู้รอบตัว,นวนิยาย,ผจญภัย / แฟนตาซี,นิยาย เเละวรรณกรรม,ธุรกิจ เเละการเงิน,วิทยาการ เเละเทคโนโลยี,หนังสือการ์ตูน,คอมพิวเตอร์,นิยาย,ซื้อที่ร้านหนังสือ,เดือนละครั้ง,"วิทยาการ เเละเทคโนโลยี, ประวัติศาสตร์ เเละวัฒนธรรม",สุขภาพ เเละการดูเเลรักษา,คอมพิวเตอร์,หนังสือการ์ตูน,ไม่เกิน 200 บาท,ไม่เกิน 200 บาท,,ไม่รู้,ฝึกทักษะการเขียนโปรอกรม,,,,,,
7/30/2024 12:24,ยินดีตอบแบบสอบถาม,หญิง,15-20 ปี,ปริญญาตรี หรือเทียบเท่า,นักศึกษา,"0 - 15,000 บาท",บันเทิงคดี (ตอบข้อ 3-4) (เป็นหนังสือที่มีเนื้อหาให้ความบันเทิงแก่ผู้อ่าน),จิตวิทยา / พัฒนาตนเอง,นวนิยาย,ฆาตกรรม / สืบสวน สอบสวน,นิยาย เเละวรรณกรรม,วิทยาการ เเละเทคโนโลยี,การศึกษา เเละการเรียนรู้,นิยาย,วรรณกรรม,หนังสือต่างประเทศ,งานหนังสือ,นานกว่า 3 เดือนต่อครั้ง,"นิยาย เเละวรรณกรรม, วิทยาการ เเละเทคโนโลยี, การศึกษา เเละการเรียนรู้","นิยาย เเละวรรณกรรม, วิทยาการ เเละเทคโนโลยี, การศึกษา เเละการเรียนรู้","หนังสือการ์ตูน, นิยาย, วรรณกรรม, คอมพิวเตอร์, โหราศาสตร์ ดูดวง ฮวงจุ้ย","หนังสือเรียน, หนังสือการ์ตูน, นิยาย, วรรณกรรม, คอมพิวเตอร์, โหราศาสตร์ ดูดวง ฮวงจุ้ย","มากกว่า 1,500 บาท",201 - 500 บาท,,Yourname ,บ้านวิกลคนประหลาด ,,,,,,
7/30/2024 12:24,ยินดีตอบแบบสอบถาม,หญิง,15-20 ปี,ปริญญาตรี หรือเทียบเท่า,นักศึกษา,"0 - 15,000 บาท",บันเทิงคดี (ตอบข้อ 3-4) (เป็นหนังสือที่มีเนื้อหาให้ความบันเทิงแก่ผู้อ่าน),,นวนิยาย,ความรัก,นิยาย เเละวรรณกรรม,ประวัติศาสตร์ เเละวัฒนธรรม,วิทยาการ เเละเทคโนโลยี,นิยาย,หนังสือการ์ตูน,หนังสือเตรียมสอบ เเนวข้อสอบ,ซื้อที่ร้านหนังสือ,นานกว่า 3 เดือนต่อครั้ง,"นิยาย เเละวรรณกรรม, ประวัติศาสตร์ เเละวัฒนธรรม","นิยาย เเละวรรณกรรม, ประวัติศาสตร์ เเละวัฒนธรรม","หนังสือการ์ตูน, นิยาย","หนังสือการ์ตูน, นิยาย","801 - 1,000 บาท",201 - 500 บาท,,Blank เติมคำว่ารักในช่องว่าง,จำไม่ได้,,,,,,
7/30/2024 12:32,ยินดีตอบแบบสอบถาม,ชาย,15-20 ปี,ปริญญาตรี หรือเทียบเท่า,นักศึกษา,"0 - 15,000 บาท",สารคดี (ตอบข้อ 2) (เป็นหนังสือที่มุ่งให้ความรู้แก่ผู้อ่าน มีเนื้อหาหลากหลาย ครอบคลุมวิชาการสาขาต่าง ๆ),เทคโนโลยี / คอมพิวเตอร์,เรื่องสั้น,วิทยาศาสตร์ / ไซไฟ,วิทยาการ เเละเทคโนโลยี,นิยาย เเละวรรณกรรม,ธุรกิจ เเละการเงิน,หนังสือการ์ตูน,คอมพิวเตอร์,หนังสือเรียน,ซื้อที่ร้านหนังสือ,2 - 3 สัปดาห์ครั้ง,"นิยาย เเละวรรณกรรม, วิทยาการ เเละเทคโนโลยี, การศึกษา เเละการเรียนรู้","วิทยาการ เเละเทคโนโลยี, การศึกษา เเละการเรียนรู้, ธุรกิจ เเละการเงิน","หนังสือเรียน, หนังสือการ์ตูน, หนังสือท่องเที่ยว, คอมพิวเตอร์","หนังสือเรียน, หนังสือการ์ตูน, หนังสือท่องเที่ยว, ไลฟ์สไตล์, คอมพิวเตอร์",501 - 800 บาท,ไม่เกิน 200 บาท,Akutami gege,Jujutsu kaisen,Jujutsu kaisen,,,,,,
7/30/2024 12:33,ยินดีตอบแบบสอบถาม,หญิง,15-20 ปี,ปริญญาตรี หรือเทียบเท่า,นักศึกษา,"15,001 – 30,000 บาท",บันเทิงคดี (ตอบข้อ 3-4) (เป็นหนังสือที่มีเนื้อหาให้ความบันเทิงแก่ผู้อ่าน),จิตวิทยา / พัฒนาตนเอง,เรื่องสั้น,ฆาตกรรม / สืบสวน สอบสวน,การศึกษา เเละการเรียนรู้,สุขภาพ เเละการดูเเลรักษา,วิทยาการ เเละเทคโนโลยี,หนังสือเตรียมสอบ เเนวข้อสอบ,สุขภาพ เเละความงาม,ไลฟ์สไตล์,ซื้อออนไลน์,นานกว่า 3 เดือนต่อครั้ง,การศึกษา เเละการเรียนรู้,การศึกษา เเละการเรียนรู้,หนังสือเตรียมสอบ เเนวข้อสอบ,หนังสือเตรียมสอบ เเนวข้อสอบ,501 - 800 บาท,501 - 800 บาท,,Gat,Gat,,,,,,
7/30/2024 12:34,ยินดีตอบแบบสอบถาม,ชาย,15-20 ปี,ปริญญาตรี หรือเทียบเท่า,นักศึกษา,"0 - 15,000 บาท",สารคดี (ตอบข้อ 2) (เป็นหนังสือที่มุ่งให้ความรู้แก่ผู้อ่าน มีเนื้อหาหลากหลาย ครอบคลุมวิชาการสาขาต่าง ๆ),ความรู้รอบตัว,เรื่องสั้น,ความรัก,ประวัติศาสตร์ เเละวัฒนธรรม,วิทยาการ เเละเทคโนโลยี,วิทยาการ เเละเทคโนโลยี,นิยาย,นิยาย,หนังสือต่างประเทศ,ซื้อที่ร้านหนังสือ,เดือนละครั้ง,การศึกษา เเละการเรียนรู้,ประวัติศาสตร์ เเละวัฒนธรรม,หนังสือการ์ตูน,วรรณกรรม,ไม่เกิน 200 บาท,ไม่เกิน 200 บาท,อาจารย์แดง,อาจารย์แดง,อาจารย์แดง,,,,,,
7/30/2024 12:34,ยินดีตอบแบบสอบถาม,หญิง,15-20 ปี,ปริญญาตรี หรือเทียบเท่า,นักศึกษา,"0 - 15,000 บาท",บันเทิงคดี (ตอบข้อ 3-4) (เป็นหนังสือที่มีเนื้อหาให้ความบันเทิงแก่ผู้อ่าน),จิตวิทยา / พัฒนาตนเอง,นิยายภาพ,ฆาตกรรม / สืบสวน สอบสวน,นิยาย เเละวรรณกรรม,การศึกษา เเละการเรียนรู้,ประวัติศาสตร์ เเละวัฒนธรรม,หนังสือการ์ตูน,หนังสือเตรียมสอบ เเนวข้อสอบ,หนังสือต่างประเทศ,ซื้อที่ร้านหนังสือ,2 - 3 เดือนครั้ง,การศึกษา เเละการเรียนรู้,นิยาย เเละวรรณกรรม,"หนังสือเรียน, หนังสือการ์ตูน, หนังสือเตรียมสอบ เเนวข้อสอบ","หนังสือเรียน, หนังสือการ์ตูน, นิยาย",201 - 500 บาท,ไม่เกิน 200 บาท,อะตอม​ ปกรณ์,ทานตะวันบนดวงจันทร์​,Tgat tpat ,,,,,,
7/30/2024 12:35,ยินดีตอบแบบสอบถาม,ชาย,15-20 ปี,ปริญญาตรี หรือเทียบเท่า,นักศึกษา,"0 - 15,000 บาท",บันเทิงคดี (ตอบข้อ 3-4) (เป็นหนังสือที่มีเนื้อหาให้ความบันเทิงแก่ผู้อ่าน),วิชาการ / ความรู้ทั่วไป,เรื่องสั้น,วิทยาศาสตร์ / ไซไฟ,การศึกษา เเละการเรียนรู้,วิทยาการ เเละเทคโนโลยี,วิทยาการ เเละเทคโนโลยี,หนังสือการ์ตูน,หนังสือการ์ตูน,หนังสือการ์ตูน,ซื้อที่ร้านหนังสือ,สัปดาห์ละครั้งหรือมากกว่า,"นิยาย เเละวรรณกรรม, วิทยาการ เเละเทคโนโลยี, ประวัติศาสตร์ เเละวัฒนธรรม, การศึกษา เเละการเรียนรู้, ธุรกิจ เเละการเงิน, สุขภาพ เเละการดูเเลรักษา, ศาสนา เเละปรัชญา","นิยาย เเละวรรณกรรม, วิทยาการ เเละเทคโนโลยี, ประวัติศาสตร์ เเละวัฒนธรรม, การศึกษา เเละการเรียนรู้, ธุรกิจ เเละการเงิน, สุขภาพ เเละการดูเเลรักษา, ศาสนา เเละปรัชญา","หนังสือเรียน, หนังสือการ์ตูน, นิยาย, วรรณกรรม, หนังสือท่องเที่ยว, ไลฟ์สไตล์, สุขภาพ เเละความงาม, คอมพิวเตอร์, โหราศาสตร์ ดูดวง ฮวงจุ้ย, หนังสือต่างประเทศ, หนังสือเตรียมสอบ เเนวข้อสอบ","หนังสือเรียน, หนังสือการ์ตูน, นิยาย, วรรณกรรม, หนังสือท่องเที่ยว, คอมพิวเตอร์",201 - 500 บาท,"มากกว่า 1,500 บาท",Yim Chang-ho.,ครอบครัวตึ๋งหนืด,ครอบครัวตึ๋งหนืด,,,,,,
7/30/2024 12:37,ยินดีตอบแบบสอบถาม,หญิง,15-20 ปี,ปริญญาตรี หรือเทียบเท่า,นักศึกษา,"0 - 15,000 บาท",สารคดี (ตอบข้อ 2) (เป็นหนังสือที่มุ่งให้ความรู้แก่ผู้อ่าน มีเนื้อหาหลากหลาย ครอบคลุมวิชาการสาขาต่าง ๆ),ท่องเที่ยว,,,ธุรกิจ เเละการเงิน,สุขภาพ เเละการดูเเลรักษา,ประวัติศาสตร์ เเละวัฒนธรรม,หนังสือต่างประเทศ,หนังสือท่องเที่ยว,สุขภาพ เเละความงาม,ซื้อออนไลน์,2 - 3 เดือนครั้ง,ธุรกิจ เเละการเงิน,สุขภาพ เเละการดูเเลรักษา,หนังสือท่องเที่ยว,สุขภาพ เเละความงาม,201 - 500 บาท,201 - 500 บาท,,การลงทุน 101,เศรษฐกิจหุ้น,,,,,,
7/30/2024 12:39,ยินดีตอบแบบสอบถาม,ชาย,21-29 ปี,ปริญญาตรี หรือเทียบเท่า,นักศึกษา,"0 - 15,000 บาท",บันเทิงคดี (ตอบข้อ 3-4) (เป็นหนังสือที่มีเนื้อหาให้ความบันเทิงแก่ผู้อ่าน),สุขภาพ / อาหาร / ความงาม,นวนิยาย,ความรัก,ธุรกิจ เเละการเงิน,นิยาย เเละวรรณกรรม,วิทยาการ เเละเทคโนโลยี,หนังสือการ์ตูน,สุขภาพ เเละความงาม,คอมพิวเตอร์,ซื้อออนไลน์,2 - 3 สัปดาห์ครั้ง,"นิยาย เเละวรรณกรรม, วิทยาการ เเละเทคโนโลยี, การศึกษา เเละการเรียนรู้","นิยาย เเละวรรณกรรม, วิทยาการ เเละเทคโนโลยี, การศึกษา เเละการเรียนรู้","หนังสือเรียน, หนังสือการ์ตูน","หนังสือเรียน, หนังสือการ์ตูน, นิยาย",201 - 500 บาท,201 - 500 บาท,ไม่มี,มนต์น้ำหมึก,เรียนภาษา JAVA,,,,,,
7/30/2024 12:40,ยินดีตอบแบบสอบถาม,ชาย,15-20 ปี,ปริญญาตรี หรือเทียบเท่า,นักศึกษา,"0 - 15,000 บาท",สารคดี (ตอบข้อ 2) (เป็นหนังสือที่มุ่งให้ความรู้แก่ผู้อ่าน มีเนื้อหาหลากหลาย ครอบคลุมวิชาการสาขาต่าง ๆ),เทคโนโลยี / คอมพิวเตอร์,,,ธุรกิจ เเละการเงิน,วิทยาการ เเละเทคโนโลยี,ศาสนา เเละปรัชญา,คอมพิวเตอร์,ปรัชญา การเงิน,วรรณกรรม,ซื้อที่ร้านหนังสือ,เดือนละครั้ง,"วิทยาการ เเละเทคโนโลยี, ธุรกิจ เเละการเงิน, ศาสนา เเละปรัชญา","วิทยาการ เเละเทคโนโลยี, การศึกษา เเละการเรียนรู้, ศาสนา เเละปรัชญา",คอมพิวเตอร์,การเงิน ปรัชญา ชีวะประวัติ,501 - 800 บาท,501 - 800 บาท,Edward Craig,ปรัชญา: ความรู้ฉบับพกพา PHILOSOPHY,ไม่ได้ซื้อสักเล่ม,,,,,,
7/30/2024 12:41,ยินดีตอบแบบสอบถาม,ชาย,15-20 ปี,ปริญญาตรี หรือเทียบเท่า,นักศึกษา,"0 - 15,000 บาท",สารคดี (ตอบข้อ 2) (เป็นหนังสือที่มุ่งให้ความรู้แก่ผู้อ่าน มีเนื้อหาหลากหลาย ครอบคลุมวิชาการสาขาต่าง ๆ),บริหาร / การเงิน / การตลาด,นวนิยาย,ผจญภัย / แฟนตาซี,นิยาย เเละวรรณกรรม,ธุรกิจ เเละการเงิน,ประวัติศาสตร์ เเละวัฒนธรรม,นิยาย,การเงิน,หนังสือการ์ตูน,ซื้อที่ร้านหนังสือ,นานกว่า 3 เดือนต่อครั้ง,"นิยาย เเละวรรณกรรม, ประวัติศาสตร์ เเละวัฒนธรรม, ธุรกิจ เเละการเงิน","นิยาย เเละวรรณกรรม, ธุรกิจ เเละการเงิน",คอมพิวเตอร์,คอมพิวเตอร์,201 - 500 บาท,"มากกว่า 1,500 บาท",เทียนซานถู่โตว,สัประยุทธ์ทะลุฟ้า,Money 101,,,,,,
7/30/2024 12:46,ยินดีตอบแบบสอบถาม,ชาย,15-20 ปี,ปริญญาตรี หรือเทียบเท่า,นักศึกษา,"15,001 – 30,000 บาท",บันเทิงคดี (ตอบข้อ 3-4) (เป็นหนังสือที่มีเนื้อหาให้ความบันเทิงแก่ผู้อ่าน),เทคโนโลยี / คอมพิวเตอร์,เรื่องสั้น,วิทยาศาสตร์ / ไซไฟ,วิทยาการ เเละเทคโนโลยี,ธุรกิจ เเละการเงิน,ประวัติศาสตร์ เเละวัฒนธรรม,คอมพิวเตอร์,หนังสือเรียน,สุขภาพ เเละความงาม,ซื้อที่ร้านหนังสือ,นานกว่า 3 เดือนต่อครั้ง,"วิทยาการ เเละเทคโนโลยี, การศึกษา เเละการเรียนรู้, ธุรกิจ เเละการเงิน","วิทยาการ เเละเทคโนโลยี, ประวัติศาสตร์ เเละวัฒนธรรม, ธุรกิจ เเละการเงิน","หนังสือเรียน, คอมพิวเตอร์","หนังสือเรียน, คอมพิวเตอร์",ไม่เกิน 200 บาท,ไม่เกิน 200 บาท,,Money mastery มั่งคั่งทั้งชีวิต,หนังสือเรียน หนังสือการลงทุน,,,,,,
7/30/2024 12:48,ยินดีตอบแบบสอบถาม,ชาย,15-20 ปี,ปริญญาตรี หรือเทียบเท่า,นักศึกษา,"0 - 15,000 บาท",บันเทิงคดี (ตอบข้อ 3-4) (เป็นหนังสือที่มีเนื้อหาให้ความบันเทิงแก่ผู้อ่าน),,นิยายภาพ,ตลกขำขัน,นิยาย เเละวรรณกรรม,วิทยาการ เเละเทคโนโลยี,การศึกษา เเละการเรียนรู้,หนังสือการ์ตูน,หนังสือเรียน,คอมพิวเตอร์,ซื้อที่ร้านหนังสือ,นานกว่า 3 เดือนต่อครั้ง,นิยาย เเละวรรณกรรม,นิยาย เเละวรรณกรรม,หนังสือการ์ตูน,หนังสือการ์ตูน,201 - 500 บาท,ไม่เกิน 200 บาท,เกษม มาเยือน,Random Shorts - side : [A],Random Shorts - side : [G],,,,,,
7/30/2024 12:57,ยินดีตอบแบบสอบถาม,ชาย,15-20 ปี,ปริญญาตรี หรือเทียบเท่า,นักศึกษา,"0 - 15,000 บาท",บันเทิงคดี (ตอบข้อ 3-4) (เป็นหนังสือที่มีเนื้อหาให้ความบันเทิงแก่ผู้อ่าน),,นวนิยาย,ผจญภัย / แฟนตาซี,นิยาย เเละวรรณกรรม,ประวัติศาสตร์ เเละวัฒนธรรม,ธุรกิจ เเละการเงิน,หนังสือการ์ตูน,นิยาย,คอมพิวเตอร์,ซื้อออนไลน์,เดือนละครั้ง,"นิยาย เเละวรรณกรรม, ประวัติศาสตร์ เเละวัฒนธรรม","นิยาย เเละวรรณกรรม, ประวัติศาสตร์ เเละวัฒนธรรม, การศึกษา เเละการเรียนรู้","หนังสือเรียน, หนังสือการ์ตูน, นิยาย","หนังสือเรียน, หนังสือการ์ตูน, นิยาย",501 - 800 บาท,201 - 500 บาท,sing N song,มุมมองนักอ่านพระเจ้า,นาโนมาชิน,,,,,,
7/30/2024 13:13,ยินดีตอบแบบสอบถาม,ชาย,15-20 ปี,ปริญญาตรี หรือเทียบเท่า,นักศึกษา,"0 - 15,000 บาท",บันเทิงคดี (ตอบข้อ 3-4) (เป็นหนังสือที่มีเนื้อหาให้ความบันเทิงแก่ผู้อ่าน),,นวนิยาย,ความรัก,นิยาย เเละวรรณกรรม,นิยาย เเละวรรณกรรม,นิยาย เเละวรรณกรรม,นิยาย,นิยาย,นิยาย,ซื้อที่ร้านหนังสือ,นานกว่า 3 เดือนต่อครั้ง,นิยาย เเละวรรณกรรม,นิยาย เเละวรรณกรรม,"หนังสือการ์ตูน, นิยาย","หนังสือการ์ตูน, นิยาย",501 - 800 บาท,501 - 800 บาท,,Space valkyrie,ม่ายยมี,,,,,,
7/30/2024 15:28,ยินดีตอบแบบสอบถาม,หญิง,21-29 ปี,ปริญญาตรี หรือเทียบเท่า,พนักงานบริษัทเอกชน,"15,001 – 30,000 บาท",บันเทิงคดี (ตอบข้อ 3-4) (เป็นหนังสือที่มีเนื้อหาให้ความบันเทิงแก่ผู้อ่าน),,นวนิยาย,ความรัก,นิยาย เเละวรรณกรรม,ประวัติศาสตร์ เเละวัฒนธรรม,สุขภาพ เเละการดูเเลรักษา,นิยาย,หนังสือการ์ตูน,หนังสือเตรียมสอบ เเนวข้อสอบ,ซื้อออนไลน์,เดือนละครั้ง,"นิยาย เเละวรรณกรรม, การศึกษา เเละการเรียนรู้","นิยาย เเละวรรณกรรม, ประวัติศาสตร์ เเละวัฒนธรรม, การศึกษา เเละการเรียนรู้","หนังสือการ์ตูน, นิยาย, สุขภาพ เเละความงาม, โหราศาสตร์ ดูดวง ฮวงจุ้ย, หนังสือต่างประเทศ","หนังสือเรียน, หนังสือการ์ตูน, นิยาย, หนังสือต่างประเทศ, หนังสือเตรียมสอบ เเนวข้อสอบ",501 - 800 บาท,201 - 500 บาท,,Akatsuki no kimon,หนทางรอดของนักบุญหญิงตัวปลอม ,,,,,,
30/07/2024 21:59:03,ยินดีตอบแบบสอบถาม,ชาย,21-29 ปี,ปริญญาตรี หรือเทียบเท่า,นักศึกษา,"0 - 15,000 บาท",บันเทิงคดี (ตอบข้อ 3-4) (เป็นหนังสือที่มีเนื้อหาให้ความบันเทิงแก่ผู้อ่าน),,นิยายภาพ,ความรัก,นิยาย เเละวรรณกรรม,วิทยาการ เเละเทคโนโลยี,ธุรกิจ เเละการเงิน,หนังสือการ์ตูน,นิยาย,คอมพิวเตอร์,ซื้อที่ร้านหนังสือ,สัปดาห์ละครั้งหรือมากกว่า,"นิยาย เเละวรรณกรรม, วิทยาการ เเละเทคโนโลยี","นิยาย เเละวรรณกรรม, วิทยาการ เเละเทคโนโลยี","หนังสือการ์ตูน, คอมพิวเตอร์","หนังสือการ์ตูน, นิยาย, คอมพิวเตอร์","801 - 1,000 บาท",201 - 500 บาท,-,็เเฟน 100,็เเฟน 100 เล่ม 11,,,,,,
30/07/2024 22:20:10,ยินดีตอบแบบสอบถาม,หญิง,21-29 ปี,ปริญญาตรี หรือเทียบเท่า,รับจ้างทั่วไป,"0 - 15,000 บาท",สารคดี (ตอบข้อ 2) (เป็นหนังสือที่มุ่งให้ความรู้แก่ผู้อ่าน มีเนื้อหาหลากหลาย ครอบคลุมวิชาการสาขาต่าง ๆ),สุขภาพ/จิตวิทยา,นวนิยาย,ความรัก,สุขภาพ เเละการดูเเลรักษา,การศึกษา เเละการเรียนรู้,นิยาย เเละวรรณกรรม,หนังสือการ์ตูน,หนังสือเรียน,หนังสือเตรียมสอบ เเนวข้อสอบ,ซื้อออนไลน์,นานกว่า 3 เดือนต่อครั้ง,"การศึกษา เเละการเรียนรู้, สุขภาพ เเละการดูเเลรักษา",สุขภาพ เเละการดูเเลรักษา,สุขภาพ เเละความงาม,สุขภาพ เเละความงาม,201 - 500 บาท,201 - 500 บาท,คิมรันโด,เพราะเป็นวันรุ่นจึงเจ็บปวด,เพราะเป็นวันรุ่นจึงเจ็บปวด,,,,,,
31/07/2024 13:05:43,ยินดีตอบแบบสอบถาม,ชาย,15-20 ปี,ปริญญาตรี หรือเทียบเท่า,นักศึกษา,"0 - 15,000 บาท",บันเทิงคดี (ตอบข้อ 3-4) (เป็นหนังสือที่มีเนื้อหาให้ความบันเทิงแก่ผู้อ่าน),,นิยายภาพ,ผจญภัย / แฟนตาซี,มังงะ,นิยาย เเละวรรณกรรม,วิทยาการ เเละเทคโนโลยี,หนังสือการ์ตูน,นิยาย,คอมพิวเตอร์,ซื้อออนไลน์,นานกว่า 3 เดือนต่อครั้ง,"นิยาย เเละวรรณกรรม, มังงะ","นิยาย เเละวรรณกรรม, วิทยาการ เเละเทคโนโลยี, มังงะ","หนังสือการ์ตูน, นิยาย, คอมพิวเตอร์","หนังสือการ์ตูน, นิยาย, คอมพิวเตอร์",ไม่เกิน 200 บาท,ไม่เกิน 200 บาท,โนริโอะ ซากูราอิ,Boku no Kokoro no Yabai yatsu,Boku no Kokoro no Yabai yatsu,,,,,,
31/07/2024 13:08:14,ยินดีตอบแบบสอบถาม,ชาย,15-20 ปี,ปริญญาตรี หรือเทียบเท่า,นักศึกษา,"0 - 15,000 บาท",บันเทิงคดี (ตอบข้อ 3-4) (เป็นหนังสือที่มีเนื้อหาให้ความบันเทิงแก่ผู้อ่าน),,นิยายภาพ,ตลกขำขัน,นิยาย เเละวรรณกรรม,วิทยาการ เเละเทคโนโลยี,การศึกษา เเละการเรียนรู้,หนังสือการ์ตูน,นิยาย,คอมพิวเตอร์,ซื้อออนไลน์,นานกว่า 3 เดือนต่อครั้ง,นิยาย เเละวรรณกรรม,นิยาย เเละวรรณกรรม,หนังสือการ์ตูน,"หนังสือการ์ตูน, นิยาย",501 - 800 บาท,201 - 500 บาท,,haikyuu,ครอบครัวตึ๋งหนืด,,,,,,
31/07/2024 13:09:15,ยินดีตอบแบบสอบถาม,หญิง,15-20 ปี,ปริญญาตรี หรือเทียบเท่า,นักศึกษา,"0 - 15,000 บาท",บันเทิงคดี (ตอบข้อ 3-4) (เป็นหนังสือที่มีเนื้อหาให้ความบันเทิงแก่ผู้อ่าน),,เรื่องสั้น,ตลกขำขัน,สุขภาพ เเละการดูเเลรักษา,นิยาย เเละวรรณกรรม,วิทยาการ เเละเทคโนโลยี,หนังสือการ์ตูน,ไลฟ์สไตล์,หนังสือเตรียมสอบ เเนวข้อสอบ,ซื้อที่ร้านหนังสือ,2 - 3 เดือนครั้ง,"นิยาย เเละวรรณกรรม, วิทยาการ เเละเทคโนโลยี",นิยาย เเละวรรณกรรม,"หนังสือเรียน, หนังสือการ์ตูน",นิยาย,201 - 500 บาท,201 - 500 บาท,,Ikigai วิธีเรียบง่ายสไตล์ญี่ปุ่น,สู้ดิวะ (กฤตไท ธนสมบัติกุล),,,,,,
31/07/2024 13:14:57,ยินดีตอบแบบสอบถาม,ชาย,21-29 ปี,ปริญญาตรี หรือเทียบเท่า,นักเรียน,"0 - 15,000 บาท",สารคดี (ตอบข้อ 2) (เป็นหนังสือที่มุ่งให้ความรู้แก่ผู้อ่าน มีเนื้อหาหลากหลาย ครอบคลุมวิชาการสาขาต่าง ๆ),สารคดี / ประวัติศาสตร์ / ชีวประวัติ,เรื่องสั้น,อิงประวัติศาสตร์,นิยาย เเละวรรณกรรม,ประวัติศาสตร์ เเละวัฒนธรรม,ไม่บอกกก,นิยาย,หนังสือการ์ตูน,วรรณกรรม,ซื้อออนไลน์,นานกว่า 3 เดือนต่อครั้ง,วิทยาการ เเละเทคโนโลยี,"ประวัติศาสตร์ เเละวัฒนธรรม, การศึกษา เเละการเรียนรู้, ศาสนา เเละปรัชญา","หนังสือเรียน, หนังสือการ์ตูน, นิยาย, วรรณกรรม, หนังสือท่องเที่ยว","ไลฟ์สไตล์, สุขภาพ เเละความงาม, โหราศาสตร์ ดูดวง ฮวงจุ้ย",ไม่เกิน 200 บาท,ไม่เกิน 200 บาท,,จิมเด็กชายบนหลังคา,ไม่,,,,,,
31/07/2024 13:15:05,ยินดีตอบแบบสอบถาม,ชาย,15-20 ปี,ปริญญาตรี หรือเทียบเท่า,นักศึกษา,"0 - 15,000 บาท",บันเทิงคดี (ตอบข้อ 3-4) (เป็นหนังสือที่มีเนื้อหาให้ความบันเทิงแก่ผู้อ่าน),,นวนิยาย,วิทยาศาสตร์ / ไซไฟ,วิทยาการ เเละเทคโนโลยี,นิยาย เเละวรรณกรรม,ประวัติศาสตร์ เเละวัฒนธรรม,หนังสือการ์ตูน,นิยาย,โหราศาสตร์ ดูดวง ฮวงจุ้ย,ซื้อที่ร้านหนังสือ,นานกว่า 3 เดือนต่อครั้ง,นิยาย เเละวรรณกรรม,นิยาย เเละวรรณกรรม,หนังสือการ์ตูน,หนังสือการ์ตูน,ไม่เกิน 200 บาท,ไม่เกิน 200 บาท,,ไม่มี,ไม่มี,,,,,,
31/07/2024 13:18:06,ยินดีตอบแบบสอบถาม,หญิง,15-20 ปี,ปริญญาตรี หรือเทียบเท่า,นักศึกษา,"0 - 15,000 บาท",บันเทิงคดี (ตอบข้อ 3-4) (เป็นหนังสือที่มีเนื้อหาให้ความบันเทิงแก่ผู้อ่าน),,นวนิยาย,ผจญภัย / แฟนตาซี,นิยาย เเละวรรณกรรม,ธุรกิจ เเละการเงิน,สุขภาพ เเละการดูเเลรักษา,หนังสือการ์ตูน,นิยาย,สุขภาพ เเละความงาม,ซื้อที่ร้านหนังสือ,นานกว่า 3 เดือนต่อครั้ง,ไม่ได้ซื้อ,นิยาย เเละวรรณกรรม,ไม่ได้ซื้อ,"หนังสือการ์ตูน, นิยาย",ไม่เกิน 200 บาท,ไม่เกิน 200 บาท,ไม่มี,ไม่มี,จำชื่อไม่ได้,,,,,,
31/07/2024 13:19:55,ยินดีตอบแบบสอบถาม,ชาย,15-20 ปี,ปริญญาตรี หรือเทียบเท่า,นักศึกษา,"0 - 15,000 บาท",บันเทิงคดี (ตอบข้อ 3-4) (เป็นหนังสือที่มีเนื้อหาให้ความบันเทิงแก่ผู้อ่าน),ความรู้รอบตัว,นวนิยาย,ผจญภัย / แฟนตาซี,นิยาย เเละวรรณกรรม,วิทยาการ เเละเทคโนโลยี,ประวัติศาสตร์ เเละวัฒนธรรม,นิยาย,คอมพิวเตอร์,หนังสือการ์ตูน,ซื้อที่ร้านหนังสือ,นานกว่า 3 เดือนต่อครั้ง,นิยาย เเละวรรณกรรม,นิยาย เเละวรรณกรรม,นิยาย,นิยาย,201 - 500 บาท,201 - 500 บาท,okina baba,"So I'm spider, So what",Akuyaku reijou level 99,,,,,,
31/07/2024 13:21:52,ยินดีตอบแบบสอบถาม,ชาย,15-20 ปี,ปริญญาตรี หรือเทียบเท่า,นักศึกษา,"0 - 15,000 บาท",สารคดี (ตอบข้อ 2) (เป็นหนังสือที่มุ่งให้ความรู้แก่ผู้อ่าน มีเนื้อหาหลากหลาย ครอบคลุมวิชาการสาขาต่าง ๆ),สารคดี / ประวัติศาสตร์ / ชีวประวัติ,,,ธุรกิจ เเละการเงิน,วิทยาการ เเละเทคโนโลยี,ประวัติศาสตร์ เเละวัฒนธรรม,หนังสือการ์ตูน,นิยาย,ไลฟ์สไตล์,ซื้อออนไลน์,2 - 3 เดือนครั้ง,"นิยาย เเละวรรณกรรม, การศึกษา เเละการเรียนรู้, ธุรกิจ เเละการเงิน","การศึกษา เเละการเรียนรู้, ธุรกิจ เเละการเงิน","หนังสือเรียน, หนังสือการ์ตูน, นิยาย, สุขภาพ เเละความงาม, คอมพิวเตอร์","หนังสือเรียน, หนังสือการ์ตูน, สุขภาพ เเละความงาม, คอมพิวเตอร์",501 - 800 บาท,201 - 500 บาท,,-,-,,,,,,
31/07/2024 13:22:28,ยินดีตอบแบบสอบถาม,ชาย,15-20 ปี,ปริญญาตรี หรือเทียบเท่า,นักศึกษา,"0 - 15,000 บาท",สารคดี (ตอบข้อ 2) (เป็นหนังสือที่มุ่งให้ความรู้แก่ผู้อ่าน มีเนื้อหาหลากหลาย ครอบคลุมวิชาการสาขาต่าง ๆ),จิตวิทยา / พัฒนาตนเอง,,ผจญภัย / แฟนตาซี,การศึกษา เเละการเรียนรู้,ประวัติศาสตร์ เเละวัฒนธรรม,ธุรกิจ เเละการเงิน,วิทยาศาสตร์ จิตวิทยา,หนังสือการ์ตูน,หนังสือเรียน,ซื้อออนไลน์,2 - 3 เดือนครั้ง,"ประวัติศาสตร์ เเละวัฒนธรรม, การศึกษา เเละการเรียนรู้","ประวัติศาสตร์ เเละวัฒนธรรม, การศึกษา เเละการเรียนรู้",วิทยาศาสตร์ จิตวิทยา,วิทยาศาสตร์ จิตวิทยา,201 - 500 บาท,201 - 500 บาท,ไม่มี,time. the scientific of perfect timing,"วิทยาศาสตร์ว่าด้วยเรื่องของคน, time",,,,,,
31/07/2024 13:23:17,ยินดีตอบแบบสอบถาม,หญิง,15-20 ปี,ปริญญาตรี หรือเทียบเท่า,นักศึกษา,"0 - 15,000 บาท",บันเทิงคดี (ตอบข้อ 3-4) (เป็นหนังสือที่มีเนื้อหาให้ความบันเทิงแก่ผู้อ่าน),,นวนิยาย,ฆาตกรรม / สืบสวน สอบสวน,นิยาย เเละวรรณกรรม,การศึกษา เเละการเรียนรู้,วิทยาการ เเละเทคโนโลยี,หนังสือการ์ตูน,วรรณกรรม,หนังสือเตรียมสอบ เเนวข้อสอบ,ซื้อที่ร้านหนังสือ,2 - 3 เดือนครั้ง,นิยาย เเละวรรณกรรม,นิยาย เเละวรรณกรรม,หนังสือการ์ตูน,หนังสือการ์ตูน,201 - 500 บาท,ไม่เกิน 200 บาท,,ยูโทเปีย,สูตรลับตำรับดันเจี้ยน,,,,,,
31/07/2024 13:24:00,ยินดีตอบแบบสอบถาม,ชาย,21-29 ปี,ปริญญาตรี หรือเทียบเท่า,นักศึกษา,"0 - 15,000 บาท",บันเทิงคดี (ตอบข้อ 3-4) (เป็นหนังสือที่มีเนื้อหาให้ความบันเทิงแก่ผู้อ่าน),,มังงะ,ผจญภัย / แฟนตาซี,การศึกษา เเละการเรียนรู้,วิทยาการ เเละเทคโนโลยี,นิยาย เเละวรรณกรรม,หนังสือการ์ตูน,คอมพิวเตอร์,หนังสือเรียน,ซื้อที่ร้านหนังสือ,2 - 3 เดือนครั้ง,"นิยาย เเละวรรณกรรม, สุขภาพ เเละการดูเเลรักษา","นิยาย เเละวรรณกรรม, วิทยาการ เเละเทคโนโลยี, การศึกษา เเละการเรียนรู้, สุขภาพ เเละการดูเเลรักษา","หนังสือเรียน, หนังสือการ์ตูน","หนังสือเรียน, หนังสือการ์ตูน, คอมพิวเตอร์",501 - 800 บาท,201 - 500 บาท,,chainsaw man,chainsaw man,,,,,,
31/07/2024 13:24:53,ยินดีตอบแบบสอบถาม,ชาย,15-20 ปี,ปริญญาตรี หรือเทียบเท่า,นักศึกษา,"0 - 15,000 บาท",บันเทิงคดี (ตอบข้อ 3-4) (เป็นหนังสือที่มีเนื้อหาให้ความบันเทิงแก่ผู้อ่าน),,นิยายภาพ,ฆาตกรรม / สืบสวน สอบสวน,นิยาย เเละวรรณกรรม,ธุรกิจ เเละการเงิน,สุขภาพ เเละการดูเเลรักษา,หนังสือการ์ตูน,นิยาย,วรรณกรรม,ซื้อออนไลน์,นานกว่า 3 เดือนต่อครั้ง,นิยาย เเละวรรณกรรม,นิยาย เเละวรรณกรรม,หนังสือการ์ตูน,หนังสือการ์ตูน,ไม่เกิน 200 บาท,ไม่เกิน 200 บาท,,จิตวิทยา,จิตวิทยาการคิด,,,,,,
31/07/2024 13:25:18,ยินดีตอบแบบสอบถาม,ชาย,15-20 ปี,ปริญญาตรี หรือเทียบเท่า,นักศึกษา,"0 - 15,000 บาท",สารคดี (ตอบข้อ 2) (เป็นหนังสือที่มุ่งให้ความรู้แก่ผู้อ่าน มีเนื้อหาหลากหลาย ครอบคลุมวิชาการสาขาต่าง ๆ),เทคโนโลยี / คอมพิวเตอร์,เรื่องสั้น,ตลกขำขัน,วิทยาการ เเละเทคโนโลยี,การศึกษา เเละการเรียนรู้,ธุรกิจ เเละการเงิน,คอมพิวเตอร์,หนังสือการ์ตูน,สุขภาพ เเละความงาม,ซื้อออนไลน์,นานกว่า 3 เดือนต่อครั้ง,การศึกษา เเละการเรียนรู้,ธุรกิจ เเละการเงิน,คอมพิวเตอร์,คอมพิวเตอร์,501 - 800 บาท,201 - 500 บาท,,-,-,,,,,,
31/07/2024 13:25:26,ยินดีตอบแบบสอบถาม,ชาย,21-29 ปี,ปริญญาตรี หรือเทียบเท่า,นักศึกษา,"0 - 15,000 บาท",บันเทิงคดี (ตอบข้อ 3-4) (เป็นหนังสือที่มีเนื้อหาให้ความบันเทิงแก่ผู้อ่าน),,มังงะ,ผจญภัย / แฟนตาซี,นิยาย เเละวรรณกรรม,สุขภาพ เเละการดูเเลรักษา,การศึกษา เเละการเรียนรู้,หนังสือการ์ตูน,นิยาย,วรรณกรรม,ซื้อที่ร้านหนังสือ,นานกว่า 3 เดือนต่อครั้ง,ไม่ได้ซื้อ,ศาสนา เเละปรัชญา,ไม่ได้ซื้อ,ไลฟ์สไตล์,201 - 500 บาท,201 - 500 บาท,Oda Eiichiro,ขายหัวเราะ,สมองแห่งความสำเร็จของนักจัดระเบียบความคิด,,,,,,
31/07/2024 13:25:31,ยินดีตอบแบบสอบถาม,ชาย,15-20 ปี,ปริญญาตรี หรือเทียบเท่า,นักศึกษา,"0 - 15,000 บาท",บันเทิงคดี (ตอบข้อ 3-4) (เป็นหนังสือที่มีเนื้อหาให้ความบันเทิงแก่ผู้อ่าน),,นวนิยาย,ฆาตกรรม / สืบสวน สอบสวน,นิยาย เเละวรรณกรรม,การศึกษา เเละการเรียนรู้,ประวัติศาสตร์ เเละวัฒนธรรม,หนังสือการ์ตูน,หนังสือเรียน,คอมพิวเตอร์,ซื้อที่ร้านหนังสือ,นานกว่า 3 เดือนต่อครั้ง,นิยาย เเละวรรณกรรม,นิยาย เเละวรรณกรรม,นิยาย,นิยาย,201 - 500 บาท,201 - 500 บาท,"Asato Asato,shirabii",86 eighty six,86 eighty six เล่ม6-7,,,,,,
31/07/2024 13:25:50,ยินดีตอบแบบสอบถาม,ชาย,15-20 ปี,ปริญญาตรี หรือเทียบเท่า,นักศึกษา,"0 - 15,000 บาท",บันเทิงคดี (ตอบข้อ 3-4) (เป็นหนังสือที่มีเนื้อหาให้ความบันเทิงแก่ผู้อ่าน),ความรู้รอบตัว,เรื่องสั้น,ตลกขำขัน,วิทยาการ เเละเทคโนโลยี,ธุรกิจ เเละการเงิน,การศึกษา เเละการเรียนรู้,คอมพิวเตอร์,หนังสือเรียน,ไลฟ์สไตล์,ซื้อออนไลน์,2 - 3 เดือนครั้ง,"วิทยาการ เเละเทคโนโลยี, การศึกษา เเละการเรียนรู้","วิทยาการ เเละเทคโนโลยี, ธุรกิจ เเละการเงิน","หนังสือเรียน, คอมพิวเตอร์","หนังสือเรียน, ไลฟ์สไตล์, คอมพิวเตอร์",201 - 500 บาท,201 - 500 บาท,,HTML css javascript,Java,,,,,,
31/07/2024 13:27:33,ยินดีตอบแบบสอบถาม,ชาย,15-20 ปี,ปริญญาตรี หรือเทียบเท่า,นักศึกษา,"0 - 15,000 บาท",บันเทิงคดี (ตอบข้อ 3-4) (เป็นหนังสือที่มีเนื้อหาให้ความบันเทิงแก่ผู้อ่าน),,เรื่องสั้น,ผจญภัย / แฟนตาซี,นิยาย เเละวรรณกรรม,การศึกษา เเละการเรียนรู้,ศาสนา เเละปรัชญา,หนังสือการ์ตูน,วรรณกรรม,หนังสือต่างประเทศ,ซื้อที่ร้านหนังสือ,สัปดาห์ละครั้งหรือมากกว่า,นิยาย เเละวรรณกรรม,นิยาย เเละวรรณกรรม,"หนังสือเรียน, หนังสือการ์ตูน, คอมพิวเตอร์","หนังสือเรียน, หนังสือการ์ตูน, คอมพิวเตอร์",ไม่เกิน 200 บาท,ไม่เกิน 200 บาท,,Cormac Mc carthy,ไม่ได้ซื้อ,,,,,,
31/07/2024 13:28:04,ยินดีตอบแบบสอบถาม,ชาย,15-20 ปี,ปริญญาตรี หรือเทียบเท่า,นักศึกษา,"0 - 15,000 บาท",สารคดี (ตอบข้อ 2) (เป็นหนังสือที่มุ่งให้ความรู้แก่ผู้อ่าน มีเนื้อหาหลากหลาย ครอบคลุมวิชาการสาขาต่าง ๆ),ความรู้รอบตัว,เรื่องสั้น,วิทยาศาสตร์ / ไซไฟ,ประวัติศาสตร์ เเละวัฒนธรรม,นิยาย เเละวรรณกรรม,วิทยาการ เเละเทคโนโลยี,วรรณกรรม,หนังสือการ์ตูน,ไลฟ์สไตล์,ซื้อที่ร้านหนังสือ,นานกว่า 3 เดือนต่อครั้ง,"วิทยาการ เเละเทคโนโลยี, การศึกษา เเละการเรียนรู้","วิทยาการ เเละเทคโนโลยี, การศึกษา เเละการเรียนรู้","หนังสือเรียน, หนังสือการ์ตูน, คอมพิวเตอร์, หนังสือเตรียมสอบ เเนวข้อสอบ","คอมพิวเตอร์, โหราศาสตร์ ดูดวง ฮวงจุ้ย, หนังสือต่างประเทศ",201 - 500 บาท,201 - 500 บาท,ล่อกวนตง,สามก๊ก,สามก๊ก,,,,,,
31/07/2024 13:29:40,ยินดีตอบแบบสอบถาม,ชาย,15-20 ปี,ปริญญาตรี หรือเทียบเท่า,นักศึกษา,"0 - 15,000 บาท",บันเทิงคดี (ตอบข้อ 3-4) (เป็นหนังสือที่มีเนื้อหาให้ความบันเทิงแก่ผู้อ่าน),สารคดี / ประวัติศาสตร์ / ชีวประวัติ,นิยายภาพ,ผจญภัย / แฟนตาซี,มังงะ,นิยาย เเละวรรณกรรม,ประวัติศาสตร์ เเละวัฒนธรรม,หนังสือการ์ตูน,นิยาย,ไลฟ์สไตล์,ซื้อที่ร้านหนังสือ,นานกว่า 3 เดือนต่อครั้ง,ไม่ได้ซื้อเลย,ไม่ได้ซื้อ้ลย,ไม่ได้ซื้อเลย,ไม่ได้ซื้อเลย,"801 - 1,000 บาท",201 - 500 บาท,,Overlord,ไม่ได้ซื้อเลย,,,,,,
31/07/2024 15:33:11,ยินดีตอบแบบสอบถาม,หญิง,30-39 ปี,ปริญญาโท,พนักงานบริษัทเอกชน,"30,001 – 50,000 บาท",สารคดี (ตอบข้อ 2) (เป็นหนังสือที่มุ่งให้ความรู้แก่ผู้อ่าน มีเนื้อหาหลากหลาย ครอบคลุมวิชาการสาขาต่าง ๆ),เทคโนโลยี / คอมพิวเตอร์,นวนิยาย,ฆาตกรรม / สืบสวน สอบสวน,วิทยาการ เเละเทคโนโลยี,การศึกษา เเละการเรียนรู้,นิยาย เเละวรรณกรรม,คอมพิวเตอร์,หนังสือท่องเที่ยว,สุขภาพ เเละความงาม,ซื้อออนไลน์,เดือนละครั้ง,"วิทยาการ เเละเทคโนโลยี, การศึกษา เเละการเรียนรู้, ธุรกิจ เเละการเงิน","วิทยาการ เเละเทคโนโลยี, การศึกษา เเละการเรียนรู้, ธุรกิจ เเละการเงิน","หนังสือท่องเที่ยว, คอมพิวเตอร์, หนังสือต่างประเทศ","หนังสือท่องเที่ยว, คอมพิวเตอร์, หนังสือต่างประเทศ","801 - 1,000 บาท",201 - 500 บาท,,วิเคราะห์แบบโคนัน,วิเคราะห์แบบโคนัน,,,,,,
31/07/2024 15:42:32,ยินดีตอบแบบสอบถาม,ชาย,21-29 ปี,ปริญญาตรี หรือเทียบเท่า,พนักงานบริษัทเอกชน,"30,001 – 50,000 บาท",สารคดี (ตอบข้อ 2) (เป็นหนังสือที่มุ่งให้ความรู้แก่ผู้อ่าน มีเนื้อหาหลากหลาย ครอบคลุมวิชาการสาขาต่าง ๆ),เทคโนโลยี / คอมพิวเตอร์,,,วิทยาการ เเละเทคโนโลยี,สุขภาพ เเละการดูเเลรักษา,ธุรกิจ เเละการเงิน,นิยาย,สุขภาพ เเละความงาม,คอมพิวเตอร์,ซื้อที่ร้านหนังสือ,นานกว่า 3 เดือนต่อครั้ง,ธุรกิจ เเละการเงิน,ธุรกิจ เเละการเงิน,คอมพิวเตอร์,"สุขภาพ เเละความงาม, คอมพิวเตอร์",501 - 800 บาท,201 - 500 บาท,,การลงทุน,การลงทุน,,,,,,
31/07/2024 15:45:19,ยินดีตอบแบบสอบถาม,ชาย,21-29 ปี,ปริญญาตรี หรือเทียบเท่า,พนักงานบริษัทเอกชน,"30,001 – 50,000 บาท",บันเทิงคดี (ตอบข้อ 3-4) (เป็นหนังสือที่มีเนื้อหาให้ความบันเทิงแก่ผู้อ่าน),วิชาการ / ความรู้ทั่วไป,เรื่องสั้น,ตลกขำขัน,การศึกษา เเละการเรียนรู้,วิทยาการ เเละเทคโนโลยี,สุขภาพ เเละการดูเเลรักษา,คอมพิวเตอร์,หนังสือต่างประเทศ,หนังสือการ์ตูน,ซื้อออนไลน์,นานกว่า 3 เดือนต่อครั้ง,none,none,none,none,ไม่เกิน 200 บาท,ไม่เกิน 200 บาท,,ขายหัวเราะ,none,,,,,,
31/07/2024 15:56:09,ยินดีตอบแบบสอบถาม,หญิง,30-39 ปี,ปริญญาตรี หรือเทียบเท่า,พนักงานบริษัทเอกชน,"30,001 – 50,000 บาท",บันเทิงคดี (ตอบข้อ 3-4) (เป็นหนังสือที่มีเนื้อหาให้ความบันเทิงแก่ผู้อ่าน),,นิยายภาพ,,ประวัติศาสตร์ เเละวัฒนธรรม,วิทยาการ เเละเทคโนโลยี,นิยาย เเละวรรณกรรม,หนังสือท่องเที่ยว,วรรณกรรม,ไลฟ์สไตล์,ซื้อที่ร้านหนังสือ,นานกว่า 3 เดือนต่อครั้ง,ประวัติศาสตร์ เเละวัฒนธรรม,นิยาย เเละวรรณกรรม,หนังสือท่องเที่ยว,ไลฟ์สไตล์,"801 - 1,000 บาท","801 - 1,000 บาท",,เชอล้อคโฮม,เชอร์ล้อคโฮม,,,,,,
31/07/2024 16:49:48,ยินดีตอบแบบสอบถาม,ชาย,21-29 ปี,ปริญญาตรี หรือเทียบเท่า,พนักงานบริษัทเอกชน,"30,001 – 50,000 บาท",บันเทิงคดี (ตอบข้อ 3-4) (เป็นหนังสือที่มีเนื้อหาให้ความบันเทิงแก่ผู้อ่าน),สุขภาพ / อาหาร / ความงาม,นวนิยาย,ฆาตกรรม / สืบสวน สอบสวน,นิยาย เเละวรรณกรรม,ประวัติศาสตร์ เเละวัฒนธรรม,สุขภาพ เเละการดูเเลรักษา,หนังสือการ์ตูน,นิยาย,คอมพิวเตอร์,ซื้อที่ร้านหนังสือ,นานกว่า 3 เดือนต่อครั้ง,นิยาย เเละวรรณกรรม,นิยาย เเละวรรณกรรม,"หนังสือการ์ตูน, นิยาย","หนังสือการ์ตูน, นิยาย",201 - 500 บาท,ไม่เกิน 200 บาท,,คดีฆาตกรรมในบ้านสิบเหลี่ยม,หนังสือการ์ตูน นิยายฆาตกรรมสอบสวน,,,,,,
31/07/2024 17:04:10,ยินดีตอบแบบสอบถาม,ชาย,21-29 ปี,ปริญญาตรี หรือเทียบเท่า,พนักงานบริษัทเอกชน,"30,001 – 50,000 บาท",บันเทิงคดี (ตอบข้อ 3-4) (เป็นหนังสือที่มีเนื้อหาให้ความบันเทิงแก่ผู้อ่าน),จิตวิทยา / พัฒนาตนเอง,นวนิยาย,ผจญภัย / แฟนตาซี,นิยาย เเละวรรณกรรม,ธุรกิจ เเละการเงิน,วิทยาการ เเละเทคโนโลยี,วรรณกรรม,นิยาย,หนังสือการ์ตูน,ซื้อที่ร้านหนังสือ,2 - 3 เดือนครั้ง,"นิยาย เเละวรรณกรรม, ธุรกิจ เเละการเงิน","นิยาย เเละวรรณกรรม, ธุรกิจ เเละการเงิน","นิยาย, วรรณกรรม","นิยาย, วรรณกรรม",201 - 500 บาท,201 - 500 บาท,องอาจ ชัยชาญชีพ,หัวแตงโม,หลุมลับ,,,,,,
31/07/2024 17:12:26,ยินดีตอบแบบสอบถาม,หญิง,21-29 ปี,ปริญญาตรี หรือเทียบเท่า,พนักงานบริษัทเอกชน,"15,001 – 30,000 บาท",บันเทิงคดี (ตอบข้อ 3-4) (เป็นหนังสือที่มีเนื้อหาให้ความบันเทิงแก่ผู้อ่าน),,เรื่องสั้น,ฆาตกรรม / สืบสวน สอบสวน,การศึกษา เเละการเรียนรู้,วิทยาการ เเละเทคโนโลยี,ธุรกิจ เเละการเงิน,หนังสือเรียน,คอมพิวเตอร์,หนังสือต่างประเทศ,ซื้อที่ร้านหนังสือ,นานกว่า 3 เดือนต่อครั้ง,นิยาย เเละวรรณกรรม,วิทยาการ เเละเทคโนโลยี,นิยาย,คอมพิวเตอร์,201 - 500 บาท,ไม่เกิน 200 บาท,,คำสารภาพ,"คำสารภาพ, ภาพวาดปริศนากับการตามหาฆาตรกร",,,,,,
31/07/2024 17:16:50,ยินดีตอบแบบสอบถาม,หญิง,30-39 ปี,ปริญญาโท,ค้าขาย,"0 - 15,000 บาท",บันเทิงคดี (ตอบข้อ 3-4) (เป็นหนังสือที่มีเนื้อหาให้ความบันเทิงแก่ผู้อ่าน),,นวนิยาย,ความรัก,นิยาย เเละวรรณกรรม,สุขภาพ เเละการดูเเลรักษา,ประวัติศาสตร์ เเละวัฒนธรรม,นิยาย,สุขภาพ เเละความงาม,หนังสือท่องเที่ยว,ซื้อที่ร้านหนังสือ,นานกว่า 3 เดือนต่อครั้ง,ไม่ได้ซื้อ,ไม่ได้ซื้อ,ไม่ได้ซื้อ,ไม่ได้ซื้อ,201 - 500 บาท,ไม่เกิน 200 บาท,-,-,-,,,,,,
31/07/2024 17:47:50,ยินดีตอบแบบสอบถาม,ชาย,21-29 ปี,ปริญญาตรี หรือเทียบเท่า,พนักงานบริษัทเอกชน,"15,001 – 30,000 บาท",บันเทิงคดี (ตอบข้อ 3-4) (เป็นหนังสือที่มีเนื้อหาให้ความบันเทิงแก่ผู้อ่าน),เทคโนโลยี / คอมพิวเตอร์,นวนิยาย,ฆาตกรรม / สืบสวน สอบสวน,นิยาย เเละวรรณกรรม,การศึกษา เเละการเรียนรู้,วิทยาการ เเละเทคโนโลยี,นิยาย,คอมพิวเตอร์,หนังสือเรียน,ซื้อที่ร้านหนังสือ,สัปดาห์ละครั้งหรือมากกว่า,"นิยาย เเละวรรณกรรม, วิทยาการ เเละเทคโนโลยี, การศึกษา เเละการเรียนรู้, สุขภาพ เเละการดูเเลรักษา","นิยาย เเละวรรณกรรม, วิทยาการ เเละเทคโนโลยี, การศึกษา เเละการเรียนรู้, สุขภาพ เเละการดูเเลรักษา","หนังสือเรียน, สุขภาพ เเละความงาม, คอมพิวเตอร์","หนังสือเรียน, นิยาย, สุขภาพ เเละความงาม, คอมพิวเตอร์",201 - 500 บาท,201 - 500 บาท,yuu kamiya,ขอให้โชคดีมีชัยในโลกแฟนตาซี,อย่าเลี้ยงสมองลิง,,,,,,
31/07/2024 18:00:51,ยินดีตอบแบบสอบถาม,หญิง,30-39 ปี,ปริญญาโท,ธุรกิจส่วนตัว,"15,001 – 30,000 บาท",สารคดี (ตอบข้อ 2) (เป็นหนังสือที่มุ่งให้ความรู้แก่ผู้อ่าน มีเนื้อหาหลากหลาย ครอบคลุมวิชาการสาขาต่าง ๆ),จิตวิทยา / พัฒนาตนเอง,มังงะ,สะท้อนสังคม,หนังสือภาพประกอบ และแมกกาซีน,การศึกษา เเละการเรียนรู้,ธุรกิจ เเละการเงิน,หนังสือต่างประเทศ,ไลฟ์สไตล์,หนังสือเตรียมสอบ เเนวข้อสอบ,ซื้อที่ร้านหนังสือ,2 - 3 สัปดาห์ครั้ง,"การศึกษา เเละการเรียนรู้, หนังสือต่างประเทศ หนังสือท่องเที่ยว","ประวัติศาสตร์ เเละวัฒนธรรม, การศึกษา เเละการเรียนรู้, ธุรกิจ เเละการเงิน, หนังสือต่างประเทศ หนังสือท่องเที่ยว","หนังสือเรียน, หนังสือท่องเที่ยว, ไลฟ์สไตล์, หนังสือต่างประเทศ, หนังสือเตรียมสอบ เเนวข้อสอบ","หนังสือเรียน, หนังสือท่องเที่ยว, ไลฟ์สไตล์, หนังสือต่างประเทศ, หนังสือเตรียมสอบ เเนวข้อสอบ",201 - 500 บาท,201 - 500 บาท,,เจ้าชายน้อย,ประมาณเกือบ 10 เล่ม,,,,,,
31/07/2024 18:36:19,ยินดีตอบแบบสอบถาม,หญิง,30-39 ปี,ปริญญาตรี หรือเทียบเท่า,พนักงานบริษัทเอกชน,"15,001 – 30,000 บาท",บันเทิงคดี (ตอบข้อ 3-4) (เป็นหนังสือที่มีเนื้อหาให้ความบันเทิงแก่ผู้อ่าน),จิตวิทยา / พัฒนาตนเอง,นวนิยาย,ฆาตกรรม / สืบสวน สอบสวน,การศึกษา เเละการเรียนรู้,นิยาย เเละวรรณกรรม,วิทยาการ เเละเทคโนโลยี,หนังสือการ์ตูน,หนังสือเรียน,หนังสือต่างประเทศ,ซื้อที่ร้านหนังสือ,นานกว่า 3 เดือนต่อครั้ง,การศึกษา เเละการเรียนรู้,ประวัติศาสตร์ เเละวัฒนธรรม,หนังสือการ์ตูน,หนังสือการ์ตูน,ไม่เกิน 200 บาท,ไม่เกิน 200 บาท,,เดแ,้้ีัะพ,,,,,,
31/07/2024 19:33:47,ยินดีตอบแบบสอบถาม,ชาย,30-39 ปี,ปริญญาตรี หรือเทียบเท่า,พนักงานบริษัทเอกชน,"มากกว่า 50,000 บาท",บันเทิงคดี (ตอบข้อ 3-4) (เป็นหนังสือที่มีเนื้อหาให้ความบันเทิงแก่ผู้อ่าน),ความรู้รอบตัว,เรื่องสั้น,วิทยาศาสตร์ / ไซไฟ,นิยาย เเละวรรณกรรม,ประวัติศาสตร์ เเละวัฒนธรรม,วิทยาการ เเละเทคโนโลยี,นิยาย,หนังสือการ์ตูน,หนังสือท่องเที่ยว,ซื้อออนไลน์,นานกว่า 3 เดือนต่อครั้ง,"นิยาย เเละวรรณกรรม, วิทยาการ เเละเทคโนโลยี, ประวัติศาสตร์ เเละวัฒนธรรม, การศึกษา เเละการเรียนรู้","นิยาย เเละวรรณกรรม, วิทยาการ เเละเทคโนโลยี, ประวัติศาสตร์ เเละวัฒนธรรม, การศึกษา เเละการเรียนรู้","หนังสือการ์ตูน, นิยาย, วรรณกรรม","หนังสือการ์ตูน, นิยาย, วรรณกรรม","801 - 1,000 บาท",201 - 500 บาท,,The Martian,-,,,,,,
31/07/2024 19:46:57,ยินดีตอบแบบสอบถาม,ชาย,30-39 ปี,ปริญญาโท,พนักงานบริษัทเอกชน,"มากกว่า 50,000 บาท",สารคดี (ตอบข้อ 2) (เป็นหนังสือที่มุ่งให้ความรู้แก่ผู้อ่าน มีเนื้อหาหลากหลาย ครอบคลุมวิชาการสาขาต่าง ๆ),เทคโนโลยี / คอมพิวเตอร์,,,วิทยาการ เเละเทคโนโลยี,นิยาย เเละวรรณกรรม,ประวัติศาสตร์ เเละวัฒนธรรม,คอมพิวเตอร์,หนังสือการ์ตูน,วรรณกรรม,ซื้อที่ร้านหนังสือ,เดือนละครั้ง,"นิยาย เเละวรรณกรรม, วิทยาการ เเละเทคโนโลยี","นิยาย เเละวรรณกรรม, วิทยาการ เเละเทคโนโลยี","หนังสือการ์ตูน, วรรณกรรม, คอมพิวเตอร์","หนังสือการ์ตูน, วรรณกรรม, คอมพิวเตอร์","801 - 1,000 บาท",501 - 800 บาท,,The Google Story,"AI and Machine Learning for Coders, Dune",,,,,,
1/8/2024 5:51,ยินดีตอบแบบสอบถาม,หญิง,21-29 ปี,ปริญญาตรี หรือเทียบเท่า,พนักงานบริษัทเอกชน,"มากกว่า 50,000 บาท",บันเทิงคดี (ตอบข้อ 3-4) (เป็นหนังสือที่มีเนื้อหาให้ความบันเทิงแก่ผู้อ่าน),,นวนิยาย,ผจญภัย / แฟนตาซี,นิยาย เเละวรรณกรรม,ประวัติศาสตร์ เเละวัฒนธรรม,สุขภาพ เเละการดูเเลรักษา,นิยาย,วรรณกรรม,สุขภาพ เเละความงาม,ซื้อออนไลน์,สัปดาห์ละครั้งหรือมากกว่า,"นิยาย เเละวรรณกรรม, ประวัติศาสตร์ เเละวัฒนธรรม, สุขภาพ เเละการดูเเลรักษา","นิยาย เเละวรรณกรรม, ประวัติศาสตร์ เเละวัฒนธรรม, สุขภาพ เเละการดูเเลรักษา","หนังสือการ์ตูน, นิยาย, วรรณกรรม, สุขภาพ เเละความงาม, หนังสือต่างประเทศ","หนังสือการ์ตูน, นิยาย, วรรณกรรม, สุขภาพ เเละความงาม, หนังสือต่างประเทศ","1,001 - 1,500 บาท",201 - 500 บาท,กัลฐิดา,หัวขโมยแห่งบารามอส,"นาโนมาชิน ภาคมารสวรรค์ข้ามเวลา, ยอดสถาปนิกผู้พิทักษ์อาณาจักร, หนึ่งความคิดนิจนิรันดร์, Pride Origin : Born of Nemesis, Pride Origin : Crystal War, ร้านไม่สะดวกซื้อของคุณทกโก ในวันที่คุณทกโกไม่อยู่",,,,,,
1/8/2024 8:47,ยินดีตอบแบบสอบถาม,หญิง,30-39 ปี,ปริญญาโท,ค้าขาย,"30,001 – 50,000 บาท",บันเทิงคดี (ตอบข้อ 3-4) (เป็นหนังสือที่มีเนื้อหาให้ความบันเทิงแก่ผู้อ่าน),,เรื่องสั้น,อิงประวัติศาสตร์,ธุรกิจ เเละการเงิน,ประวัติศาสตร์ เเละวัฒนธรรม,สุขภาพ เเละการดูเเลรักษา,โหราศาสตร์ ดูดวง ฮวงจุ้ย,สุขภาพ เเละความงาม,หนังสือต่างประเทศ,ซื้อที่ร้านหนังสือ,นานกว่า 3 เดือนต่อครั้ง,"ประวัติศาสตร์ เเละวัฒนธรรม, ธุรกิจ เเละการเงิน, สุขภาพ เเละการดูเเลรักษา","ประวัติศาสตร์ เเละวัฒนธรรม, ธุรกิจ เเละการเงิน, สุขภาพ เเละการดูเเลรักษา","สุขภาพ เเละความงาม, โหราศาสตร์ ดูดวง ฮวงจุ้ย, หนังสือต่างประเทศ","สุขภาพ เเละความงาม, โหราศาสตร์ ดูดวง ฮวงจุ้ย, หนังสือต่างประเทศ",501 - 800 บาท,201 - 500 บาท,พอล ภัทรพล,หนังสือการเงิน ของพอล ภัทรพล,หนังสือเกี่ยวกับภาษาจีน หนังสือการเงิน,,,,,,
1/8/2024 13:59,ยินดีตอบแบบสอบถาม,ชาย,30-39 ปี,ปริญญาตรี หรือเทียบเท่า,พนักงานบริษัทเอกชน,"30,001 – 50,000 บาท",สารคดี (ตอบข้อ 2) (เป็นหนังสือที่มุ่งให้ความรู้แก่ผู้อ่าน มีเนื้อหาหลากหลาย ครอบคลุมวิชาการสาขาต่าง ๆ),จิตวิทยา / พัฒนาตนเอง,,,จิตวิทยา พัฒนาตนเอง,การศึกษา เเละการเรียนรู้,ธุรกิจ เเละการเงิน,จิตวิทยา พัฒนาตนเอง,หนังสือเตรียมสอบ เเนวข้อสอบ,คอมพิวเตอร์,ซื้อที่ร้านหนังสือ,2 - 3 สัปดาห์ครั้ง,ธุรกิจ เเละการเงิน,"การศึกษา เเละการเรียนรู้, ธุรกิจ เเละการเงิน",หนังสือต่างประเทศ,หนังสือเตรียมสอบ เเนวข้อสอบ,201 - 500 บาท,201 - 500 บาท,,อย่าให้ตัวคุณในอนาคตเกลียดตัวคุณในตอนนี้,THE ALCHEMIST,,,,,,
1/8/2024 23:19,ยินดีตอบแบบสอบถาม,หญิง,30-39 ปี,ปริญญาตรี หรือเทียบเท่า,พนักงานบริษัทเอกชน,"มากกว่า 50,000 บาท",สารคดี (ตอบข้อ 2) (เป็นหนังสือที่มุ่งให้ความรู้แก่ผู้อ่าน มีเนื้อหาหลากหลาย ครอบคลุมวิชาการสาขาต่าง ๆ),จิตวิทยา / พัฒนาตนเอง,,,การศึกษา เเละการเรียนรู้,สุขภาพ เเละการดูเเลรักษา,ธุรกิจ เเละการเงิน,หนังสือเรียน,สุขภาพ เเละความงาม,หนังสือต่างประเทศ,ซื้อที่ร้านหนังสือ,นานกว่า 3 เดือนต่อครั้ง,สุขภาพ เเละการดูเเลรักษา,การศึกษา เเละการเรียนรู้,หนังสือเรียน,โหราศาสตร์ ดูดวง ฮวงจุ้ย,201 - 500 บาท,201 - 500 บาท,,"Good vibes, ใช้คลื่นพลังบวก ดึงดูดพลังสุข",หนังสือเกี่ยวกับการเลี้ยงเด็ก,,,,,,
2/8/2024 9:03,ยินดีตอบแบบสอบถาม,หญิง,15-20 ปี,ปริญญาตรี หรือเทียบเท่า,นักศึกษา,"0 - 15,000 บาท",บันเทิงคดี (ตอบข้อ 3-4) (เป็นหนังสือที่มีเนื้อหาให้ความบันเทิงแก่ผู้อ่าน),,นวนิยาย,ผจญภัย / แฟนตาซี,นิยาย เเละวรรณกรรม,นิยาย เเละวรรณกรรม,นิยาย เเละวรรณกรรม,นิยาย,หนังสือการ์ตูน,โหราศาสตร์ ดูดวง ฮวงจุ้ย,ซื้อออนไลน์,นานกว่า 3 เดือนต่อครั้ง,นิยาย เเละวรรณกรรม,นิยาย เเละวรรณกรรม,"หนังสือเรียน, หนังสือการ์ตูน, นิยาย","หนังสือเรียน, หนังสือการ์ตูน, นิยาย",201 - 500 บาท,201 - 500 บาท,,-,-,,,,,,
2/8/2024 9:07,ยินดีตอบแบบสอบถาม,ชาย,15-20 ปี,ปริญญาตรี หรือเทียบเท่า,นักศึกษา,"0 - 15,000 บาท",บันเทิงคดี (ตอบข้อ 3-4) (เป็นหนังสือที่มีเนื้อหาให้ความบันเทิงแก่ผู้อ่าน),ท่องเที่ยว,นิยายภาพ,ตลกขำขัน,นิยาย เเละวรรณกรรม,ธุรกิจ เเละการเงิน,การศึกษา เเละการเรียนรู้,สุขภาพ เเละความงาม,วรรณกรรม,นิยาย,ซื้อที่ร้านหนังสือ,2 - 3 สัปดาห์ครั้ง,"นิยาย เเละวรรณกรรม, วิทยาการ เเละเทคโนโลยี, การศึกษา เเละการเรียนรู้","ธุรกิจ เเละการเงิน, สุขภาพ เเละการดูเเลรักษา","หนังสือท่องเที่ยว, ไลฟ์สไตล์, สุขภาพ เเละความงาม","หนังสือเรียน, หนังสือการ์ตูน, นิยาย, หนังสือเตรียมสอบ เเนวข้อสอบ","มากกว่า 1,500 บาท",501 - 800 บาท,,เคล็ดลับความสวยความงาม,วรรณกรรม นิยายวาย,,,,,,
2/8/2024 9:07,ยินดีตอบแบบสอบถาม,ชาย,15-20 ปี,ปริญญาตรี หรือเทียบเท่า,นักศึกษา,"0 - 15,000 บาท",บันเทิงคดี (ตอบข้อ 3-4) (เป็นหนังสือที่มีเนื้อหาให้ความบันเทิงแก่ผู้อ่าน),,นวนิยาย,ฆาตกรรม / สืบสวน สอบสวน,การศึกษา เเละการเรียนรู้,นิยาย เเละวรรณกรรม,ประวัติศาสตร์ เเละวัฒนธรรม,หนังสือเรียน,หนังสือการ์ตูน,ไลฟ์สไตล์,ซื้อที่ร้านหนังสือ,เดือนละครั้ง,การศึกษา เเละการเรียนรู้,การศึกษา เเละการเรียนรู้,"หนังสือเรียน, หนังสือการ์ตูน, หนังสือเตรียมสอบ เเนวข้อสอบ","หนังสือเรียน, หนังสือการ์ตูน, หนังสือเตรียมสอบ เเนวข้อสอบ",501 - 800 บาท,201 - 500 บาท,,-,Tactics for TOEIC Listening and Reading Test,,,,,,
2/8/2024 9:08,ยินดีตอบแบบสอบถาม,หญิง,15-20 ปี,ปริญญาตรี หรือเทียบเท่า,นักศึกษา,"0 - 15,000 บาท",บันเทิงคดี (ตอบข้อ 3-4) (เป็นหนังสือที่มีเนื้อหาให้ความบันเทิงแก่ผู้อ่าน),งานอดิเรก / งานฝีมือ,นวนิยาย,สะท้อนสังคม,การศึกษา เเละการเรียนรู้,การศึกษา เเละการเรียนรู้,ประวัติศาสตร์ เเละวัฒนธรรม,หนังสือท่องเที่ยว,นิยาย,ไลฟ์สไตล์,ซื้อที่ร้านหนังสือ,เดือนละครั้ง,"นิยาย เเละวรรณกรรม, ศาสนา เเละปรัชญา",วิทยาการ เเละเทคโนโลยี,"หนังสือการ์ตูน, หนังสือท่องเที่ยว, ไลฟ์สไตล์","หนังสือท่องเที่ยว, สุขภาพ เเละความงาม, คอมพิวเตอร์",201 - 500 บาท,201 - 500 บาท,-,-,-,,,,,,
2/8/2024 9:12,ยินดีตอบแบบสอบถาม,ชาย,21-29 ปี,ปริญญาตรี หรือเทียบเท่า,นักศึกษา,"0 - 15,000 บาท",สารคดี (ตอบข้อ 2) (เป็นหนังสือที่มุ่งให้ความรู้แก่ผู้อ่าน มีเนื้อหาหลากหลาย ครอบคลุมวิชาการสาขาต่าง ๆ),เทคโนโลยี / คอมพิวเตอร์,,,วิทยาการ เเละเทคโนโลยี,วิทยาการ เเละเทคโนโลยี,วิทยาการ เเละเทคโนโลยี,คอมพิวเตอร์,นิยาย,หนังสือการ์ตูน,ซื้อที่ร้านหนังสือ,นานกว่า 3 เดือนต่อครั้ง,"นิยาย เเละวรรณกรรม, วิทยาการ เเละเทคโนโลยี","นิยาย เเละวรรณกรรม, วิทยาการ เเละเทคโนโลยี","หนังสือการ์ตูน, นิยาย, คอมพิวเตอร์","หนังสือการ์ตูน, นิยาย, วรรณกรรม, คอมพิวเตอร์","1,001 - 1,500 บาท",501 - 800 บาท,,คุณอาเรีย,Pup ร่วมกับ mysql,,,,,,
2/8/2024 9:19,ยินดีตอบแบบสอบถาม,ชาย,30-39 ปี,ปริญญาตรี หรือเทียบเท่า,พนักงานบริษัทเอกชน,"15,001 – 30,000 บาท",สารคดี (ตอบข้อ 2) (เป็นหนังสือที่มุ่งให้ความรู้แก่ผู้อ่าน มีเนื้อหาหลากหลาย ครอบคลุมวิชาการสาขาต่าง ๆ),บริหาร / การเงิน / การตลาด,,,ธุรกิจ เเละการเงิน,วิทยาการ เเละเทคโนโลยี,นิยาย เเละวรรณกรรม,ไลฟ์สไตล์,นิยาย,คอมพิวเตอร์,ซื้อที่ร้านหนังสือ,นานกว่า 3 เดือนต่อครั้ง,"นิยาย เเละวรรณกรรม, วิทยาการ เเละเทคโนโลยี","นิยาย เเละวรรณกรรม, วิทยาการ เเละเทคโนโลยี","นิยาย, คอมพิวเตอร์","นิยาย, คอมพิวเตอร์","1,001 - 1,500 บาท","1,001 - 1,500 บาท",,Deep learning,Deep learning,,,,,,
2/8/2024 9:22,ยินดีตอบแบบสอบถาม,หญิง,15-20 ปี,ปริญญาตรี หรือเทียบเท่า,นักศึกษา,"0 - 15,000 บาท",บันเทิงคดี (ตอบข้อ 3-4) (เป็นหนังสือที่มีเนื้อหาให้ความบันเทิงแก่ผู้อ่าน),,นวนิยาย,ผจญภัย / แฟนตาซี,นิยาย เเละวรรณกรรม,การศึกษา เเละการเรียนรู้,สุขภาพ เเละการดูเเลรักษา,นิยาย,หนังสือการ์ตูน,หนังสือเรียน,ซื้อที่ร้านหนังสือ,นานกว่า 3 เดือนต่อครั้ง,นิยาย เเละวรรณกรรม,นิยาย เเละวรรณกรรม,นิยาย,"หนังสือการ์ตูน, นิยาย",201 - 500 บาท,ไม่เกิน 200 บาท,-,-,-,,,,,,
2/8/2024 11:35,ยินดีตอบแบบสอบถาม,หญิง,15-20 ปี,ปริญญาตรี หรือเทียบเท่า,นักศึกษา,"15,001 – 30,000 บาท",บันเทิงคดี (ตอบข้อ 3-4) (เป็นหนังสือที่มีเนื้อหาให้ความบันเทิงแก่ผู้อ่าน),,นวนิยาย,ความรัก,นิยาย เเละวรรณกรรม,การศึกษา เเละการเรียนรู้,ประวัติศาสตร์ เเละวัฒนธรรม,นิยาย,หนังสือการ์ตูน,หนังสือเรียน,ซื้อที่ร้านหนังสือ,2 - 3 สัปดาห์ครั้ง,นิยาย เเละวรรณกรรม,นิยาย เเละวรรณกรรม,"หนังสือการ์ตูน, นิยาย",นิยาย,501 - 800 บาท,201 - 500 บาท,Jittiren,เพราะเราคู่กัน,นิยาย,,,,,,
2/8/2024 11:35,ยินดีตอบแบบสอบถาม,ชาย,15-20 ปี,ปริญญาตรี หรือเทียบเท่า,นักศึกษา,"0 - 15,000 บาท",บันเทิงคดี (ตอบข้อ 3-4) (เป็นหนังสือที่มีเนื้อหาให้ความบันเทิงแก่ผู้อ่าน),,นิยายภาพ,ผจญภัย / แฟนตาซี,นิยาย เเละวรรณกรรม,การศึกษา เเละการเรียนรู้,ธุรกิจ เเละการเงิน,หนังสือการ์ตูน,นิยาย,วรรณกรรม,ซื้อที่ร้านหนังสือ,นานกว่า 3 เดือนต่อครั้ง,นิยาย เเละวรรณกรรม,นิยาย เเละวรรณกรรม,"หนังสือการ์ตูน, วรรณกรรม","หนังสือการ์ตูน, วรรณกรรม",501 - 800 บาท,201 - 500 บาท,,,,,,,,,
2/8/2024 11:36,ยินดีตอบแบบสอบถาม,ชาย,15-20 ปี,ปริญญาตรี หรือเทียบเท่า,นักศึกษา,"0 - 15,000 บาท",บันเทิงคดี (ตอบข้อ 3-4) (เป็นหนังสือที่มีเนื้อหาให้ความบันเทิงแก่ผู้อ่าน),ความรู้รอบตัว,นิยายภาพ,ความรัก,นิยาย เเละวรรณกรรม,การศึกษา เเละการเรียนรู้,วิทยาการ เเละเทคโนโลยี,หนังสือการ์ตูน,นิยาย,ไลฟ์สไตล์,ทั้งคู่,2 - 3 สัปดาห์ครั้ง,"นิยาย เเละวรรณกรรม, สุขภาพ เเละการดูเเลรักษา","นิยาย เเละวรรณกรรม, สุขภาพ เเละการดูเเลรักษา","หนังสือการ์ตูน, นิยาย, ไลฟ์สไตล์","หนังสือเรียน, หนังสือการ์ตูน, ไลฟ์สไตล์","มากกว่า 1,500 บาท",201 - 500 บาท,,,,,,,,,
2/8/2024 11:37,ยินดีตอบแบบสอบถาม,หญิง,15-20 ปี,ปริญญาตรี หรือเทียบเท่า,นักศึกษา,"0 - 15,000 บาท",บันเทิงคดี (ตอบข้อ 3-4) (เป็นหนังสือที่มีเนื้อหาให้ความบันเทิงแก่ผู้อ่าน),,เรื่องสั้น,ความรัก,นิยาย เเละวรรณกรรม,การศึกษา เเละการเรียนรู้,ธุรกิจ เเละการเงิน,หนังสือการ์ตูน,นิยาย,หนังสือเรียน,ซื้อที่ร้านหนังสือ,นานกว่า 3 เดือนต่อครั้ง,"นิยาย เเละวรรณกรรม, การศึกษา เเละการเรียนรู้","นิยาย เเละวรรณกรรม, การศึกษา เเละการเรียนรู้","หนังสือเรียน, หนังสือการ์ตูน, นิยาย, โหราศาสตร์ ดูดวง ฮวงจุ้ย","หนังสือเรียน, หนังสือการ์ตูน, นิยาย, สุขภาพ เเละความงาม, โหราศาสตร์ ดูดวง ฮวงจุ้ย",201 - 500 บาท,ไม่เกิน 200 บาท,-,ไม่ยากถ้าอยากรวย,ไม่ได้ซื้อค่ะ,,,,,,
2/8/2024 11:37,ยินดีตอบแบบสอบถาม,ชาย,15-20 ปี,ปริญญาตรี หรือเทียบเท่า,นักศึกษา,"0 - 15,000 บาท",บันเทิงคดี (ตอบข้อ 3-4) (เป็นหนังสือที่มีเนื้อหาให้ความบันเทิงแก่ผู้อ่าน),สารคดี / ประวัติศาสตร์ / ชีวประวัติ,นวนิยาย,ความรัก,นิยาย เเละวรรณกรรม,ประวัติศาสตร์ เเละวัฒนธรรม,การศึกษา เเละการเรียนรู้,หนังสือการ์ตูน,นิยาย,หนังสือเตรียมสอบ เเนวข้อสอบ,ซื้อที่ร้านหนังสือ,นานกว่า 3 เดือนต่อครั้ง,การศึกษา เเละการเรียนรู้,การศึกษา เเละการเรียนรู้,นิยาย,นิยาย,ไม่เกิน 200 บาท,ไม่เกิน 200 บาท,,The little mermaid,-,,,,,,
2/8/2024 11:38,ยินดีตอบแบบสอบถาม,ชาย,21-29 ปี,ปริญญาตรี หรือเทียบเท่า,นักศึกษา,"0 - 15,000 บาท",บันเทิงคดี (ตอบข้อ 3-4) (เป็นหนังสือที่มีเนื้อหาให้ความบันเทิงแก่ผู้อ่าน),ความรู้รอบตัว,เรื่องสั้น,ตลกขำขัน,นิยาย เเละวรรณกรรม,สุขภาพ เเละการดูเเลรักษา,ธุรกิจ เเละการเงิน,หนังสือการ์ตูน,หนังสือท่องเที่ยว,หนังสือเรียน,ซื้อที่ร้านหนังสือ,2 - 3 เดือนครั้ง,การศึกษา เเละการเรียนรู้,"การศึกษา เเละการเรียนรู้, ธุรกิจ เเละการเงิน",หนังสือเรียน,หนังสือเรียน,201 - 500 บาท,ไม่เกิน 200 บาท,น้าเน็ก,โชคดีที่มึงได้อ่าน (ไม่ได้หยาบนะครับ),หนังสือเรียน,,,,,,
2/8/2024 11:38,ยินดีตอบแบบสอบถาม,ชาย,15-20 ปี,ปริญญาตรี หรือเทียบเท่า,นักศึกษา,"0 - 15,000 บาท",บันเทิงคดี (ตอบข้อ 3-4) (เป็นหนังสือที่มีเนื้อหาให้ความบันเทิงแก่ผู้อ่าน),เทคโนโลยี / คอมพิวเตอร์,เรื่องสั้น,ผจญภัย / แฟนตาซี,การศึกษา เเละการเรียนรู้,สุขภาพ เเละการดูเเลรักษา,วิทยาการ เเละเทคโนโลยี,หนังสือต่างประเทศ,คอมพิวเตอร์,หนังสือท่องเที่ยว,ซื้อที่ร้านหนังสือ,สัปดาห์ละครั้งหรือมากกว่า,"ประวัติศาสตร์ เเละวัฒนธรรม, การศึกษา เเละการเรียนรู้, ธุรกิจ เเละการเงิน","ประวัติศาสตร์ เเละวัฒนธรรม, ธุรกิจ เเละการเงิน, สุขภาพ เเละการดูเเลรักษา","หนังสือท่องเที่ยว, สุขภาพ เเละความงาม, โหราศาสตร์ ดูดวง ฮวงจุ้ย, หนังสือต่างประเทศ","นิยาย, หนังสือท่องเที่ยว, สุขภาพ เเละความงาม, โหราศาสตร์ ดูดวง ฮวงจุ้ย, หนังสือเตรียมสอบ เเนวข้อสอบ",ไม่เกิน 200 บาท,ไม่เกิน 200 บาท,John weck,You are my friend,ไม่มีเลย,,,,,,
2/8/2024 11:38,ยินดีตอบแบบสอบถาม,หญิง,15-20 ปี,ปริญญาตรี หรือเทียบเท่า,นักศึกษา,"0 - 15,000 บาท",บันเทิงคดี (ตอบข้อ 3-4) (เป็นหนังสือที่มีเนื้อหาให้ความบันเทิงแก่ผู้อ่าน),,นวนิยาย,ความรัก,นิยาย เเละวรรณกรรม,ประวัติศาสตร์ เเละวัฒนธรรม,การศึกษา เเละการเรียนรู้,นิยาย,หนังสือการ์ตูน,วรรณกรรม,ซื้อที่ร้านหนังสือ,นานกว่า 3 เดือนต่อครั้ง,นิยาย เเละวรรณกรรม,นิยาย เเละวรรณกรรม,"หนังสือการ์ตูน, นิยาย","หนังสือการ์ตูน, นิยาย, วรรณกรรม","1,001 - 1,500 บาท",501 - 800 บาท,,,,,,,,,
2/8/2024 11:44,ยินดีตอบแบบสอบถาม,ชาย,15-20 ปี,ปริญญาตรี หรือเทียบเท่า,นักศึกษา,"0 - 15,000 บาท",บันเทิงคดี (ตอบข้อ 3-4) (เป็นหนังสือที่มีเนื้อหาให้ความบันเทิงแก่ผู้อ่าน),เทคโนโลยี / คอมพิวเตอร์,เรื่องสั้น,ความรัก,นิยาย เเละวรรณกรรม,วิทยาการ เเละเทคโนโลยี,การศึกษา เเละการเรียนรู้,หนังสือการ์ตูน,นิยาย,คอมพิวเตอร์,,นานกว่า 3 เดือนต่อครั้ง,นิยาย เเละวรรณกรรม,นิยาย เเละวรรณกรรม,หนังสือการ์ตูน,หนังสือการ์ตูน,ไม่เกิน 200 บาท,ไม่เกิน 200 บาท,,the first order,หนังสือการ์ตูน,,,,,,
,,ชาย,21-29 ปี,ปริญญาตรี หรือเทียบเท่า,นักศึกษา,"15,001 – 30,000 บาท",,บริหาร / การเงิน / การตลาด,เรื่องสั้น,วิทยาศาสตร์ / ไซไฟ,การศึกษา เเละการเรียนรู้,ธุรกิจ เเละการเงิน,,หนังสือเรียน,หนังสือต่างประเทศ,หนังสือเตรียมสอบ เเนวข้อสอบ,ซื้อออนไลน์,นานกว่า 3 เดือนต่อครั้ง,"การศึกษา เเละการเรียนรู้,ธุรกิจ เเละการเงิน","การศึกษา เเละการเรียนรู้,ธุรกิจ เเละการเงิน,ศาสนาและปรัชญา","หนังสือเรียน,หนังสือต่างประเทศ,หนังสือเตรียมสอบ แนวข้อสอบ","หนังสือเรียน,หนังสือต่างประเทศ","1,001 - 1,500 บาท",501 - 800 บาท,,,,,,,,,
,,ชาย,21-29 ปี,ปริญญาตรี หรือเทียบเท่า,นักศึกษา,"0 - 15,000 บาท",บันเทิงคดี (ตอบข้อ 3-4) (เป็นหนังสือที่มีเนื้อหาให้ความบันเทิงแก่ผู้อ่าน),,มังงะเท่านั้น,,มังงะเท่านั้น,,,หนังสือการ์ตูน,,,ซื้อออนไลน์,2 - 3 สัปดาห์ครั้ง,,,หนังสือการ์ตูน,หนังสือการ์ตูน,201 - 500 บาท,ไม่เกิน 200 บาท,,vinland saga,,,,,,,
,,ชาย,21-29 ปี,มัธยมปลาย หรือเทียบเท่า,นักเรียน,"15,001 – 30,000 บาท",บันเทิงคดี (ตอบข้อ 3-4) (เป็นหนังสือที่มีเนื้อหาให้ความบันเทิงแก่ผู้อ่าน),,นิยายภาพ,ฆาตกรรม / สืบสวน สอบสวน,,วิทยาการ เเละเทคโนโลยี,ธุรกิจ เเละการเงิน,หนังสือการ์ตูน,คอมพิวเตอร์,การเงิน,ซื้อออนไลน์,2 - 3 เดือนครั้ง,ธุรกิจ เเละการเงิน,ธุรกิจ เเละการเงิน,"หนังสือการ์ตูน,การเงิน","หนังสือการ์ตูน,การเงิน",201 - 500 บาท,201 - 500 บาท,,พ่อรวยสอนลูก ,พ่อรวยสอนลูก,,,,,,
,,ชาย,21-29 ปี,ปริญญาตรี หรือเทียบเท่า,นักศึกษา,"0 - 15,000 บาท",บันเทิงคดี (ตอบข้อ 3-4) (เป็นหนังสือที่มีเนื้อหาให้ความบันเทิงแก่ผู้อ่าน),,หนังสือการ์ตูน,ผจญภัย / แฟนตาซี,นิยาย เเละวรรณกรรม,วิทยาการ เเละเทคโนโลยี,การศึกษา เเละการเรียนรู้,หนังสือการ์ตูน,คอมพิวเตอร์,หนังสือเรียน,ซื้อที่ร้านหนังสือ,เดือนละครั้ง,"นิยาย เเละวรรณกรรม,วิทยาการ เเละเทคโนโลยี,การศึกษา เเละการเรียนรู้","นิยาย เเละวรรณกรรม,วิทยาการ เเละเทคโนโลยี,การศึกษา เเละการเรียนรู้","หนังสือการ์ตูน,คอมพิวเตอร์","หนังสือการ์ตูน,คอมพิวเตอร์",201 - 500 บาท,"1,001 - 1,500 บาท",,สร้างการเรียนรู้สำหรับ Ai และ Python,"เรียนรู้ AI Deep Learning,พัฒนา Web app ด้วย Javascript และ Nodejs, Power Bi",,,,,,
,,ชาย,50 ปีขึ้นไป,มัธยมปลาย หรือเทียบเท่า,รับจ้างทั่วไป,"15,001 – 30,000 บาท",บันเทิงคดี (ตอบข้อ 3-4) (เป็นหนังสือที่มีเนื้อหาให้ความบันเทิงแก่ผู้อ่าน),,เรื่องสั้น,ศาสนา / การเมือง,การศึกษา เเละการเรียนรู้,วิทยาการ เเละเทคโนโลยี,ธุรกิจ เเละการเงิน,การศึกษา เเละการเรียนรู้,วิทยาการ เเละเทคโนโลยี,ธุรกิจ เเละการเงิน,ซื้อออนไลน์,นานกว่า 3 เดือนต่อครั้ง,"ประวัติศาสตร์ และวัฒนธรรม,ธุรกิจ และการเงิน","ประวัติศาสตร์ และวัฒนธรรม,ธุรกิจ และการเงิน","คอมพิวเตอร์,ไลฟ์สไตล์","คอมพิวเตอร์,ไลฟ์สไตล์",201 - 500 บาท,ไม่เกิน 200 บาท,,,หนังสือ DIY,,,,,,
,,ชาย,21-29 ปี,ปริญญาตรี หรือเทียบเท่า,นักศึกษา,"0 - 15,000 บาท",บันเทิงคดี (ตอบข้อ 3-4) (เป็นหนังสือที่มีเนื้อหาให้ความบันเทิงแก่ผู้อ่าน),,เรื่องสั้น,วิทยาศาสตร์ / ไซไฟ,วิทยาการ เเละเทคโนโลยี,นิยาย เเละวรรณกรรม,ศาสนา เเละปรัชญา,หนังสือการ์ตูน,วรรณกรรม,หนังสือต่างประเทศ,ซื้อที่ร้านหนังสือ,2 - 3 เดือนครั้ง,"นิยาย เเละวรรณกรรม,ศาสนา และปรัชญา","นิยาย เเละวรรณกรรม,ศาสนา และปรัชญา,วิทยาการ และเทนโนโลยี,ธุรกิจ และการเงิน,ประวัติศาสตร์ และวัฒนธรรม",,,,,,,,,,,,,
,,ชาย,21-29 ปี,ปริญญาตรี หรือเทียบเท่า,นักศึกษา,"0 - 15,000 บาท",บันเทิงคดี (ตอบข้อ 3-4) (เป็นหนังสือที่มีเนื้อหาให้ความบันเทิงแก่ผู้อ่าน),,นิยายภาพ,ความรัก,นิยาย เเละวรรณกรรม,ประวัติศาสตร์ เเละวัฒนธรรม,สุขภาพ เเละการดูเเลรักษา,หนังสือการ์ตูน,หนังสือท่องเที่ยว,หนังสือเรียน,ซื้อที่ร้านหนังสือ,นานกว่า 3 เดือนต่อครั้ง,นิยาย เเละวรรณกรรม,นิยาย เเละวรรณกรรม,หนังสือการ์ตูน,หนังสือการ์ตูน,501 - 800 บาท,ไม่เกิน 200 บาท,,,หนังสือการ์ตูน,,,,,,
,,ชาย,21-29 ปี,ปริญญาตรี หรือเทียบเท่า,นักศึกษา,"0 - 15,000 บาท",บันเทิงคดี (ตอบข้อ 3-4) (เป็นหนังสือที่มีเนื้อหาให้ความบันเทิงแก่ผู้อ่าน),,นวนิยาย,ความรัก,นิยาย เเละวรรณกรรม,วิทยาการ เเละเทคโนโลยี,การศึกษา เเละการเรียนรู้,หนังสือเรียน,หนังสือการ์ตูน,หนังสือท่องเที่ยว,ซื้อออนไลน์,2 - 3 สัปดาห์ครั้ง,"นิยาย เเละวรรณกรรม,วิทยาการ เเละเทคโนโลยี","นิยาย เเละวรรณกรรม,วิทยาการ เเละเทคโนโลยี","หนังสือการ์ตูน,นิยาย,คอมพิวเตอร์","หนังสือการ์ตูน,นิยาย,คอมพิวเตอร์",501 - 800 บาท,"มากกว่า 1,500 บาท",,Slave,"อาเรีย เล่ม6,Slave",,,,,,
,,ชาย,21-29 ปี,ปริญญาตรี หรือเทียบเท่า,นักศึกษา,"0 - 15,000 บาท",บันเทิงคดี (ตอบข้อ 3-4) (เป็นหนังสือที่มีเนื้อหาให้ความบันเทิงแก่ผู้อ่าน),,"นวนิยาย,นิยายภาพ","ฆาตกรรม / สืบสวน สอบสวน,ตลกขำขัน",นิยาย เเละวรรณกรรม,ประวัติศาสตร์ เเละวัฒนธรรม,ธุรกิจ เเละการเงิน,หนังสือการ์ตูน,นิยาย,ธุรกิจ เเละการเงิน,ซื้อออนไลน์,2 - 3 สัปดาห์ครั้ง,นิยาย เเละวรรณกรรม,นิยาย เเละวรรณกรรม,"หนังสือการ์ตูน,นิยาย","หนังสือการ์ตูน,นิยาย",201 - 500 บาท,201 - 500 บาท,,Lord of the mysteries,Lord of the mysteries,,,,,,
,,หญิง,40-49 ปี,ปริญญาตรี หรือเทียบเท่า,พนักงานบริษัทเอกชน,"0 - 15,000 บาท",บันเทิงคดี (ตอบข้อ 3-4) (เป็นหนังสือที่มีเนื้อหาให้ความบันเทิงแก่ผู้อ่าน),สุขภาพ/อาหาร/ความงาม,เรื่องสั้น,ผจญภัย / แฟนตาซี,สุขภาพ และการดูแลรักษา,นิยาย เเละวรรณกรรม,ประวัติศาสตร์ และวัฒนธรรม,สุขภาพ และความงาม,ไลฟ์สไตล์,นิยาย,ซื้อออนไลน์,2 - 3 สัปดาห์ครั้ง,นิยาย เเละวรรณกรรม,วิทยาการ และเทคโนโลยี,คอมพิวเตอร์,คอมพิวเตอร์,201 - 500 บาท,201 - 500 บาท,,หนังสือสอนลูก,หนังสือสอนลูก,,,,,,
,,หญิง,21-29 ปี,ปริญญาตรี หรือเทียบเท่า,นักศึกษา,"0 - 15,000 บาท",สารคดี (ตอบข้อ 2) (เป็นหนังสือที่มุ่งให้ความรู้แก่ผู้อ่าน มีเนื้อหาหลากหลาย ครอบคลุมวิชาการสาขาต่าง ๆ),สารคดี,นวนิยาย,ผจญภัย / แฟนตาซี,นิยาย เเละวรรณกรรม,การศึกษา เเละการเรียนรู้,ธุรกิจ เเละการเงิน,นิยาย,หนังสือการ์ตูน,หนังสือเรียน,ซื้อที่ร้านหนังสือ,นานกว่า 3 เดือนต่อครั้ง,นิยาย และวรรณกรรม,นิยาย และวรรณกรรม,นิยาย,นิยาย,201 - 500 บาท,201 - 500 บาท,,,,,,,,,
,,ชาย,21-29 ปี,ปริญญาตรี หรือเทียบเท่า,นักศึกษา,"0 - 15,000 บาท",บันเทิงคดี (ตอบข้อ 3-4) (เป็นหนังสือที่มีเนื้อหาให้ความบันเทิงแก่ผู้อ่าน),,"นวนิยาย,นิยายภาพ",ผจญภัย / แฟนตาซี,นิยาย เเละวรรณกรรม,ธุรกิจ เเละการเงิน,การศึกษา เเละการเรียนรู้,หนังสือการ์ตูน,นิยาย,คอมพิวเตอร์,ซื้อออนไลน์,2 - 3 เดือนครั้ง,นิยาย และวรรณกรรม,นิยาย และวรรณกรรม,หนังสือการ์ตูน,หนังสือการ์ตูน,201 - 500 บาท,201 - 500 บาท,,Tensei shitara slime ,Tensei shitara slime ,,,,,,
,,ชาย,21-29 ปี,ปริญญาตรี หรือเทียบเท่า,พนักงานบริษัทเอกชน,"30,001 – 50,000 บาท",สารคดี (ตอบข้อ 2) (เป็นหนังสือที่มุ่งให้ความรู้แก่ผู้อ่าน มีเนื้อหาหลากหลาย ครอบคลุมวิชาการสาขาต่าง ๆ),ความรู้รอบตัว,,,ธุรกิจ เเละการเงิน,การศึกษา เเละการเรียนรู้,วิทยาการ เเละเทคโนโลยี,หนังสือท่องเที่ยว,หนังสือเรียน,วรรณกรรม,ซื้อที่ร้านหนังสือ,2 - 3 สัปดาห์ครั้ง,"นิยาย และวรรณกรรม,ธุรกิจ และการเงิน",วิทยาการ และเทคโนโลยี,"วรรณกรรม, หนังสือท่องเที่ยว","วรรณกรรม, หนังสือท่องเที่ยว","1,001 - 1,500 บาท",501 - 800 บาท,,สารคดีปฏิบัติการช่วยสัตว์ป่า 1000,,,,,,,
,,ชาย,21-29 ปี,ปริญญาตรี หรือเทียบเท่า,นักศึกษา,"0 - 15,000 บาท",บันเทิงคดี (ตอบข้อ 3-4) (เป็นหนังสือที่มีเนื้อหาให้ความบันเทิงแก่ผู้อ่าน),,เรื่องสั้น,ตลกขำขัน,วิทยาการ เเละเทคโนโลยี,ประวัติศาสตร์ เเละวัฒนธรรม,ศาสนา เเละปรัชญา,วรรณกรรม,คอมพิวเตอร์,ไลฟ์สไตล์,ซื้อที่ร้านหนังสือ,สัปดาห์ละครั้งหรือมากกว่า,นิยาย และวรรณกรรม,วิทยาการ และเทคโนโลยี,"นิยาย,หนังสือการ์ตูน,คอมพิวเตอร์",คอมพิวเตอร์,201 - 500 บาท,201 - 500 บาท,Fujimoto,Chainsawman,Chainsawman(1-8),,,,,,
,,หญิง,21-29 ปี,ปริญญาตรี หรือเทียบเท่า,นักศึกษา,"0 - 15,000 บาท",บันเทิงคดี (ตอบข้อ 3-4) (เป็นหนังสือที่มีเนื้อหาให้ความบันเทิงแก่ผู้อ่าน),,นิยายภาพ,ฆาตกรรม / สืบสวน สอบสวน,นิยาย เเละวรรณกรรม,การศึกษา เเละการเรียนรู้,วิทยาการ เเละเทคโนโลยี,หนังสือการ์ตูน,นิยาย,คอมพิวเตอร์,ซื้อออนไลน์,นานกว่า 3 เดือนต่อครั้ง,นิยาย และวรรณกรรม,วิทยาการ และเทคโนโลยี,หนังสือการ์ตูน,หนังสือการ์ตูน,501 - 800 บาท,ไม่เกิน 200 บาท,,,,,,,,,
,,หญิง,30-39 ปี,ปวช.,พนักงานบริษัทเอกชน,"15,001 – 30,000 บาท",บันเทิงคดี (ตอบข้อ 3-4) (เป็นหนังสือที่มีเนื้อหาให้ความบันเทิงแก่ผู้อ่าน),ท่องเที่ยว,,,,,,,,,ซื้อที่ร้านหนังสือ,2 - 3 เดือนครั้ง,ธุรกิจ เเละการเงิน,สุขภาพ เเละการดูเเลรักษา,หนังสือท่องเที่ยว,สุขภาพ เเละความงาม,201 - 500 บาท,201 - 500 บาท,,,,,,,,,
,,หญิง,30-39 ปี,มัธยมปลาย หรือเทียบเท่า,พนักงานรัฐวิสาหกิจ,"15,001 – 30,000 บาท",สารคดี (ตอบข้อ 2) (เป็นหนังสือที่มุ่งให้ความรู้แก่ผู้อ่าน มีเนื้อหาหลากหลาย ครอบคลุมวิชาการสาขาต่าง ๆ),บริหาร / การเงิน / การตลาด,,,ธุรกิจ และการเงิน,,,โหราศาสตร์ ดูดวง ฮวงจุ้ย,,,ซื้อที่ร้านหนังสือ,2 - 3 สัปดาห์ครั้ง,ธุรกิจ เเละการเงิน,ธุรกิจ เเละการเงิน,โหราศาสตร์ ดูดวง ฮวงจุ้ย,โหราศาสตร์ ดูดวง ฮวงจุ้ย,ไม่เกิน 200 บาท,ไม่เกิน 200 บาท,,,,,,,,,
,,หญิง,21-29 ปี,มัธยมปลาย หรือเทียบเท่า,นักศึกษา,"0 - 15,000 บาท",สารคดี (ตอบข้อ 2) ,วิชาการ / ความรู้ทั่วไป,นิยายภาพ,ฆาตกรรม / สืบสวน สอบสวน,การศึกษา เเละการเรียนรู้,,,หนังสือการ์ตูน,,,ซื้อที่ร้านหนังสือ,นานกว่า 3 เดือนต่อครั้ง,การศึกษา และการเรียนรู้,นิยาย และวรรณกรรม,"หนังสือเรียน,หนังสือการ์ตูน",หนังสือเรียน,ไม่เกิน 200 บาท,ไม่เกิน 200 บาท,,,,,,,,,
,,ชาย,21-29 ปี,ปริญญาตรี หรือเทียบเท่า,ธุรกิจส่วนตัว,"15,001 – 30,000 บาท","บันเทิงคดี,สารคดี",ความรู้รอบตัว,นวนิยาย,ฆาตกรรม / สืบสวน สอบสวน,นิยาย เเละวรรณกรรม,,,นิยาย,,,ซื้อออนไลน์,2 - 3 เดือนครั้ง,นิยาย และวรรณกรรม,นิยาย และวรรณกรรม,นิยาย,นิยาย,"801 - 1,000บาท",201 - 500 บาท,,,,,,,,,
,,ชาย,30-39 ปี,ปริญญาโท,พนักงานบริษัทเอกชน,"30,001 – 50,000 บาท","บันเทิงคดี,สารคดี","บริหาร / การเงิน / การตลาด,กฏหมาย / การเมือง, จิตวิทยา / พัฒนาตนเอง","นวนิยาย,เรื่องสั้น","สะท้อนสังคม,ศาสนา/การเมือง,อิงประวัติศาสตร์",ธุรกิจ และการเงิน,การศึกษา และการเรียนรู้,สุขภาพ และการดูแลรักษา,วรรณกรรม,หนังสือต่างประเทศ,คอมพิวเตอร์,ซื้อที่ร้านหนังสือ,นานกว่า 3 เดือนต่อครั้ง,ธุรกิจ เเละการเงิน,ธุรกิจ เเละการเงิน,หนังสือต่างประเทศ,หนังสือต่างประเทศ,201 - 500 บาท,201 - 500 บาท,,,,,,,,,
,,ชาย,30-39 ปี,ปริญญาโท,พนักงานบริษัทเอกชน,"30,001 – 50,000 บาท","บันเทิงคดี,สารคดี","ความรู้รอบตัว,สุขภาพ / อาหาร / ความงาม",นวนิยาย,ความรัก,ธุรกิจ เเละการเงิน,,,สุขภาพ และความงาม,,,ซื้อออนไลน์,2 - 3 สัปดาห์ครั้ง,สุขภาพ และการดูแลรักษา,ธุรกิจ เเละการเงิน,สุขภาพ เเละความงาม,ไลฟ์สไตล์,501 - 800 บาท,201 - 500 บาท,,,,,,,,,
,,หญิง,50 ปีขึ้นไป,มัธยมปลาย หรือเทียบเท่า,รับจ้างทั่วไป,"15,001 – 30,000 บาท",บันเทิงคดี (ตอบข้อ 3-4) (เป็นหนังสือที่มีเนื้อหาให้ความบันเทิงแก่ผู้อ่าน),,นวนิยาย,ตลกขำขัน,นิยาย เเละวรรณกรรม,สุขภาพ เเละการดูเเลรักษา,,หนังสือการ์ตูน,นิยาย,สุขภาพ เเละความงาม,ซื้อที่ร้านหนังสือ,สัปดาห์ละครั้งหรือมากกว่า,สุขภาพ และการดูแลรักษา,สุขภาพ เเละการดูเเลรักษา,"หนังสือการ์ตูน,นิยาย,สุขภาพ และความงาม","หนังสือการ์ตูน, นิยาย",201 - 500 บาท,ไม่เกิน 200 บาท,,,,,,,,,
,,ชาย,50 ปีขึ้นไป,ปวช.,พนักงานบริษัทเอกชน,"15,001 – 30,000 บาท",สารคดี,ความรู้รอบตัว,,,วิทยาการ เเละเทคโนโลยี,ธุรกิจ เเละการเงิน,สุขภาพ และการดูแลรักษา,คอมพิวเตอร์,สุขภาพ เเละความงาม,หนังสือต่างประเทศ,ซื้อออนไลน์,สัปดาห์ละครั้งหรือมากกว่า,"วิทยาการ และเทคโนโลยี,ประวัติศาสตร์ และวัฒนธรรม","ประวัติศาสตร์ และวัฒนธรรม,ประวัติศาสตร์ และวัฒนธรรม,ธุรกิจ และการเงิน","สุขภาพ เเละความงาม,คอมพิวเตอร์",คอมพิวเตอร์,501 - 800 บาท,201 - 500 บาท,,,,,,,,,
,,ชาย,21-29 ปี,ปริญญาตรี หรือเทียบเท่า,นักศึกษา,"0 - 15,000 บาท",สารคดี,"ความรู้รอบตัว,บริหาร/การเงิน/การตลาด,เทคโนโลยี/คอมพิวเตอร์",,,วิทยาการ เเละเทคโนโลยี,ธุรกิจ เเละการเงิน,นิยาย เเละวรรณกรรม,หนังสือการ์ตูน,สุขภาพ เเละความงาม,คอมพิวเตอร์,ซื้อออนไลน์,เดือนละครั้ง,"วิทยาการ และเทคโนโลยี,การศึกษา และการเรียนรู้","วิทยาการ และเทคโนโลยี,การศึกษา และการเรียนรู้","หนังสือการ์ตูน,หนังสือท่องเที่ยว,คอมพิวเตอร์","หนังสือการ์ตูน,วรรณกรรม",201 - 500 บาท,201 - 500 บาท,,eighty-six,,,,,,,
,,ชาย,21-29 ปี,ปริญญาตรี หรือเทียบเท่า,นักศึกษา,"0 - 15,000 บาท",บันเทิงคดี (ตอบข้อ 3-4) (เป็นหนังสือที่มีเนื้อหาให้ความบันเทิงแก่ผู้อ่าน),,เรื่องสั้น,ตลกขำขัน,การศึกษา เเละการเรียนรู้,วิทยาการ เเละเทคโนโลยี,สุขภาพ และการดูแลรักษา,หนังสือการ์ตูน,คอมพิวเตอร์,หนังสือต่างประเทศ,ซื้อที่ร้านหนังสือ,นานกว่า 3 เดือนต่อครั้ง,วิทยาการ และเทคโนโลยี,สุขภาพ เเละการดูเเลรักษา,หนังสือการ์ตูน,คอมพิวเตอร์,201 - 500 บาท,201 - 500 บาท,,ขายหัวเราะ,หนังสือสวดมนต์,,,,,,
,,ชาย,21-29 ปี,ปริญญาตรี หรือเทียบเท่า,นักศึกษา,"0 - 15,000 บาท",บันเทิงคดี (ตอบข้อ 3-4) (เป็นหนังสือที่มีเนื้อหาให้ความบันเทิงแก่ผู้อ่าน),,เรื่องสั้น,ผจญภัย / แฟนตาซี,วิทยาการ เเละเทคโนโลยี,ธุรกิจ เเละการเงิน,การศึกษา เเละการเรียนรู้,คอมพิวเตอร์,หนังสือเรียน,หนังสือการ์ตูน,ซื้อออนไลน์,นานกว่า 3 เดือนต่อครั้ง,วิทยาการ และเทคโนโลยี,วิทยาการ และเทคโนโลยี,หนังสือการ์ตูน,คอมพิวเตอร์,ไม่เกิน 200 บาท,ไม่เกิน 200 บาท,,,,,,,,,
,,หญิง,21-29 ปี,ปริญญาตรี หรือเทียบเท่า,นักศึกษา,"0 - 15,000 บาท",บันเทิงคดี (ตอบข้อ 3-4) (เป็นหนังสือที่มีเนื้อหาให้ความบันเทิงแก่ผู้อ่าน),,เรื่องสั้น,ศาสนา / การเมือง,นิยาย เเละวรรณกรรม,สุขภาพ เเละการดูเเลรักษา,ศาสนา เเละปรัชญา,หนังสือการ์ตูน,สุขภาพ เเละความงาม,ไลฟ์สไตล์,ซื้อออนไลน์,สัปดาห์ละครั้งหรือมากกว่า,"การศึกษา และการเรียนรู้,ศาสนา และปรัชญา,สุขภาพ และการดูแลรักษา","วิทยาการ และเทคโนโลยี,ศาสนา และปรัชญา",สุขภาพ และความงาม,สุขภาพ เเละความงาม,201 - 500 บาท,201 - 500 บาท,,เพราะเป็นวัยรุ่นจึงเจ็บปวด,,,,,,,
,,ชาย,21-29 ปี,ปริญญาตรี หรือเทียบเท่า,นักศึกษา,"0 - 15,000 บาท",บันเทิงคดี (ตอบข้อ 3-4) (เป็นหนังสือที่มีเนื้อหาให้ความบันเทิงแก่ผู้อ่าน),,เรื่องสั้น,อิงประวัติศาสตร์,วิทยาการ เเละเทคโนโลยี,ประวัติศาสตร์ เเละวัฒนธรรม,ธุรกิจ เเละการเงิน,หนังสือการ์ตูน,คอมพิวเตอร์,ไลฟ์สไตล์,ซื้อออนไลน์,สัปดาห์ละครั้งหรือมากกว่า,ธุรกิจ เเละการเงิน,การศึกษา และการเรียนรู้,คอมพิวเตอร์,คอมพิวเตอร์,"801 - 1,000บาท",201 - 500 บาท,,,Machine Learning,,,,,,
,,ชาย,21-29 ปี,ปริญญาตรี หรือเทียบเท่า,นักศึกษา,"0 - 15,000 บาท",สารคดี (ตอบข้อ 2) ,"ความรู้รอบตัว,งานอดิเรก/งานฝีมือ,เทคโนโลยี/คอมพิวเตอร์,จิตวิทยา/พัฒนาตนเอง,วิชาการเมืทอง/ความรู้รอบตัว",,,วิทยาการ เเละเทคโนโลยี,การศึกษา และการเรียนรู้,,คอมพิวเตอร์,,,ซื้อที่ร้านหนังสือ,เดือนละครั้ง,วิทยาการ และเทคโนโลยี,,,,201 - 500 บาท,201 - 500 บาท,,,,,,,,,
,,ชาย,15-20 ปี,ปริญญาตรี หรือเทียบเท่า,นักศึกษา,"0 - 15,000 บาท",สารคดี (ตอบข้อ 2) ,สารคดี/ประวัติศาสตร์/ชีวประวัติ,,,วิทยาการ เเละเทคโนโลยี,การศึกษา และการเรียนรู้,,คอมพิวเตอร์,วรรณกรรม,สุขภาพ เเละความงาม,ซื้อที่ร้านหนังสือ,นานกว่า 3 เดือนต่อครั้ง,การศึกษา และการเรียนรู้,วิทยาการ และเทคโนโลยี,คอมพิวเตอร์,คอมพิวเตอร์,201 - 500 บาท,201 - 500 บาท,,,Machine Learning,,,,,,
,,หญิง,21-29 ปี,ปริญญาตรี หรือเทียบเท่า,นักศึกษา,"0 - 15,000 บาท",สารคดี (ตอบข้อ 2) ,ความรู้รอบตัว,,,ธุรกิจ และการเงิน,วิทยาการ เเละเทคโนโลยี,ประวัติศาสตร์ และวัฒนธรรม,สุขภาพ และความงาม,คอมพิวเตอร์,หนังสือต่างประเทศ,ซื้อที่ร้านหนังสือ,2 - 3 เดือนครั้ง,วิทยาการ และเทคโนโลยี,วิทยาการ และเทคโนโลยี,"คอมพิวเตอร์,หนังสือต่างประเทศ","หนังสือเรียน,หนังสือต่างประเทศ","1,001 - 1,500 บาท",201 - 500 บาท,,2000คำ ฝึกภาษาอังกฤษ,"ภาษา,ai,การ์ตูน",,,,,,
,,ชาย,21-29 ปี,ปริญญาตรี หรือเทียบเท่า,นักศึกษา,"0 - 15,000 บาท",บันเทิงคดี (ตอบข้อ 3-4) (เป็นหนังสือที่มีเนื้อหาให้ความบันเทิงแก่ผู้อ่าน),,นิยายภาพ,วิทยาศาสตร์ / ไซไฟ,นิยาย เเละวรรณกรรม,การศึกษา และการเรียนรู้,สุขภาพ และการดูแลรักษา,หนังสือการ์ตูน,หนังสือเรียน,หนังสือเตรียมสอบ เเนวข้อสอบ,ซื้อที่ร้านหนังสือ,เดือนละครั้ง,นิยาย และวรรณกรรม,นิยาย และวรรณกรรม,หนังสือการ์ตูน,หนังสือการ์ตูน,201 - 500 บาท,ไม่เกิน 200 บาท,,ฟิสิกส์ เตรียมสอบ,"เทพในเงาเล่ม 10,11",,,,,,
4/8/2024 18:54,ยินดีตอบแบบสอบถาม,หญิง,30-39 ปี,ปริญญาโท,ธุรกิจส่วนตัว,"30,001 – 50,000 บาท",บันเทิงคดี (ตอบข้อ 3-4) (เป็นหนังสือที่มีเนื้อหาให้ความบันเทิงแก่ผู้อ่าน),ท่องเที่ยว,เรื่องสั้น,ตลกขำขัน,การศึกษา เเละการเรียนรู้,สุขภาพ เเละการดูเเลรักษา,ประวัติศาสตร์ เเละวัฒนธรรม,หนังสือเรียน,หนังสือต่างประเทศ,หนังสือการ์ตูน,ซื้อที่ร้านหนังสือ,นานกว่า 3 เดือนต่อครั้ง,การศึกษา เเละการเรียนรู้,การศึกษา เเละการเรียนรู้,หนังสือต่างประเทศ,"หนังสือเรียน, หนังสือต่างประเทศ",501 - 800 บาท,201 - 500 บาท,-,หนังสือแบบฝึกหัดเชาว์​ปัญญา,หนังสือเรียนภาษาจีน /หนังสือแบบฝึกเชาว์ปัญญา/ นิทาน,,,,,,
5/8/2024 13:14,ยินดีตอบแบบสอบถาม,ชาย,21-29 ปี,ปริญญาตรี หรือเทียบเท่า,นักศึกษา,"0 - 15,000 บาท",สารคดี (ตอบข้อ 2) (เป็นหนังสือที่มุ่งให้ความรู้แก่ผู้อ่าน มีเนื้อหาหลากหลาย ครอบคลุมวิชาการสาขาต่าง ๆ),เทคโนโลยี / คอมพิวเตอร์,,,นิยาย เเละวรรณกรรม,วิทยาการ เเละเทคโนโลยี,ประวัติศาสตร์ เเละวัฒนธรรม,หนังสือการ์ตูน,นิยาย,คอมพิวเตอร์,ซื้อที่ร้านหนังสือ,เดือนละครั้ง,"นิยาย เเละวรรณกรรม, วิทยาการ เเละเทคโนโลยี","นิยาย เเละวรรณกรรม, วิทยาการ เเละเทคโนโลยี","หนังสือเรียน, หนังสือการ์ตูน, นิยาย","หนังสือเรียน, หนังสือการ์ตูน, นิยาย, คอมพิวเตอร์",501 - 800 บาท,201 - 500 บาท,Isayama Hajime,,"AOT ,NO GAME NO LIFE ,สอนภาษา Python",,,,,,
5/8/2024 13:16,ยินดีตอบแบบสอบถาม,ชาย,21-29 ปี,ปริญญาตรี หรือเทียบเท่า,นักศึกษา,"0 - 15,000 บาท",สารคดี (ตอบข้อ 2) (เป็นหนังสือที่มุ่งให้ความรู้แก่ผู้อ่าน มีเนื้อหาหลากหลาย ครอบคลุมวิชาการสาขาต่าง ๆ),เทคโนโลยี / คอมพิวเตอร์,,,การศึกษา เเละการเรียนรู้,ประวัติศาสตร์ เเละวัฒนธรรม,นิยาย เเละวรรณกรรม,คอมพิวเตอร์,หนังสือเตรียมสอบ เเนวข้อสอบ,ไลฟ์สไตล์,ซื้อที่ร้านหนังสือ,2 - 3 เดือนครั้ง,"นิยาย เเละวรรณกรรม, วิทยาการ เเละเทคโนโลยี","นิยาย เเละวรรณกรรม, วิทยาการ เเละเทคโนโลยี","หนังสือเรียน, คอมพิวเตอร์","หนังสือเรียน, หนังสือการ์ตูน, คอมพิวเตอร์",ไม่เกิน 200 บาท,ไม่เกิน 200 บาท,,,HTML CSS Book,,,,,,
5/8/2024 13:20,ยินดีตอบแบบสอบถาม,ชาย,21-29 ปี,ปริญญาตรี หรือเทียบเท่า,นักศึกษา,"0 - 15,000 บาท",บันเทิงคดี (ตอบข้อ 3-4) (เป็นหนังสือที่มีเนื้อหาให้ความบันเทิงแก่ผู้อ่าน),,นวนิยาย,ผจญภัย / แฟนตาซี,วิทยาการ เเละเทคโนโลยี,ประวัติศาสตร์ เเละวัฒนธรรม,การศึกษา เเละการเรียนรู้,หนังสือเรียน,หนังสือเรียน,หนังสือการ์ตูน,ซื้อออนไลน์,2 - 3 เดือนครั้ง,นิยาย เเละวรรณกรรม,วิทยาการ เเละเทคโนโลยี,หนังสือเรียน,หนังสือเรียน,201 - 500 บาท,201 - 500 บาท,,,ประวัติศาสตร์ไทย รัชกาลที่5,,,,,,
5/8/2024 23:54,ยินดีตอบแบบสอบถาม,ชาย,21-29 ปี,ปริญญาตรี หรือเทียบเท่า,นักศึกษา,"0 - 15,000 บาท",สารคดี (ตอบข้อ 2) (เป็นหนังสือที่มุ่งให้ความรู้แก่ผู้อ่าน มีเนื้อหาหลากหลาย ครอบคลุมวิชาการสาขาต่าง ๆ),ความรู้รอบตัว,,,วิทยาการ เเละเทคโนโลยี,นิยาย เเละวรรณกรรม,ประวัติศาสตร์ เเละวัฒนธรรม,หนังสือเรียน,หนังสือการ์ตูน,คอมพิวเตอร์,ซื้อที่ร้านหนังสือ,2 - 3 สัปดาห์ครั้ง,ธุรกิจ เเละการเงิน,ศาสนา เเละปรัชญา,ไลฟ์สไตล์,วรรณกรรม,ไม่เกิน 200 บาท,ไม่เกิน 200 บาท,,,,,,,,,
5/8/2024 23:58,ยินดีตอบแบบสอบถาม,ชาย,21-29 ปี,ปริญญาตรี หรือเทียบเท่า,นักศึกษา,"0 - 15,000 บาท",สารคดี (ตอบข้อ 2) (เป็นหนังสือที่มุ่งให้ความรู้แก่ผู้อ่าน มีเนื้อหาหลากหลาย ครอบคลุมวิชาการสาขาต่าง ๆ),ความรู้รอบตัว,,ผจญภัย / แฟนตาซี,ประวัติศาสตร์ เเละวัฒนธรรม,ประวัติศาสตร์ เเละวัฒนธรรม,ธุรกิจ เเละการเงิน,วรรณกรรม,ไลฟ์สไตล์,โหราศาสตร์ ดูดวง ฮวงจุ้ย,ซื้อออนไลน์,เดือนละครั้ง,ประวัติศาสตร์ เเละวัฒนธรรม,การศึกษา เเละการเรียนรู้,คอมพิวเตอร์,หนังสือการ์ตูน,ไม่เกิน 200 บาท,ไม่เกิน 200 บาท,,,,,,,,,
6/8/2024 7:41,ยินดีตอบแบบสอบถาม,ชาย,21-29 ปี,ปริญญาตรี หรือเทียบเท่า,นักศึกษา,"0 - 15,000 บาท",บันเทิงคดี (ตอบข้อ 3-4) (เป็นหนังสือที่มีเนื้อหาให้ความบันเทิงแก่ผู้อ่าน),,นวนิยาย,ความรัก,นิยาย เเละวรรณกรรม,วิทยาการ เเละเทคโนโลยี,ประวัติศาสตร์ เเละวัฒนธรรม,นิยาย,คอมพิวเตอร์,หนังสือการ์ตูน,ซื้อที่ร้านหนังสือ,นานกว่า 3 เดือนต่อครั้ง,"นิยาย เเละวรรณกรรม, วิทยาการ เเละเทคโนโลยี","นิยาย เเละวรรณกรรม, วิทยาการ เเละเทคโนโลยี","นิยาย, คอมพิวเตอร์","นิยาย, คอมพิวเตอร์","1,001 - 1,500 บาท",501 - 800 บาท,-,ว่าเเล้วชีวิตของผมไม่สดใสขนาดนั้นหรอก,PHP,,,,,,
6/8/2024 7:49,ยินดีตอบแบบสอบถาม,ชาย,30-39 ปี,ปริญญาตรี หรือเทียบเท่า,รับจ้างทั่วไป,"15,001 – 30,000 บาท",สารคดี (ตอบข้อ 2) (เป็นหนังสือที่มุ่งให้ความรู้แก่ผู้อ่าน มีเนื้อหาหลากหลาย ครอบคลุมวิชาการสาขาต่าง ๆ),บริหาร / การเงิน / การตลาด,,,ธุรกิจ เเละการเงิน,ประวัติศาสตร์ เเละวัฒนธรรม,วิทยาการ เเละเทคโนโลยี,ไลฟ์สไตล์,หนังสือท่องเที่ยว,สุขภาพ เเละความงาม,ซื้อที่ร้านหนังสือ,2 - 3 เดือนครั้ง,ธุรกิจ เเละการเงิน,ธุรกิจ เเละการเงิน,ไลฟ์สไตล์,ไลฟ์สไตล์,"801 - 1,000 บาท",501 - 800 บาท,-,-,พ่อรวยสอนลูก,,,,,,
6/8/2024 8:04,ยินดีตอบแบบสอบถาม,ชาย,30-39 ปี,ปริญญาตรี หรือเทียบเท่า,พนักงานบริษัทเอกชน,"15,001 – 30,000 บาท",บันเทิงคดี (ตอบข้อ 3-4) (เป็นหนังสือที่มีเนื้อหาให้ความบันเทิงแก่ผู้อ่าน),,นวนิยาย,ความรัก,นิยาย เเละวรรณกรรม,สุขภาพ เเละการดูเเลรักษา,วิทยาการ เเละเทคโนโลยี,นิยาย,หนังสือการ์ตูน,คอมพิวเตอร์,ซื้อที่ร้านหนังสือ,นานกว่า 3 เดือนต่อครั้ง,นิยาย เเละวรรณกรรม,นิยาย เเละวรรณกรรม,นิยาย,นิยาย,"801 - 1,000 บาท",501 - 800 บาท,-,คุณอาเรีย,คุณอาเรีย,,,,,,
6/8/2024 8:13,ยินดีตอบแบบสอบถาม,หญิง,30-39 ปี,ปริญญาตรี หรือเทียบเท่า,พนักงานบริษัทเอกชน,"15,001 – 30,000 บาท",บันเทิงคดี (ตอบข้อ 3-4) (เป็นหนังสือที่มีเนื้อหาให้ความบันเทิงแก่ผู้อ่าน),,นิยายภาพ,วิทยาศาสตร์ / ไซไฟ,นิยาย เเละวรรณกรรม,วิทยาการ เเละเทคโนโลยี,ธุรกิจ เเละการเงิน,หนังสือการ์ตูน,นิยาย,สุขภาพ เเละความงาม,ซื้อที่ร้านหนังสือ,2 - 3 เดือนครั้ง,นิยาย เเละวรรณกรรม,นิยาย เเละวรรณกรรม,หนังสือการ์ตูน,หนังสือการ์ตูน,501 - 800 บาท,201 - 500 บาท,-,-,dr.stone,,,,,,
6/8/2024 8:27,ยินดีตอบแบบสอบถาม,ชาย,15-20 ปี,ปริญญาตรี หรือเทียบเท่า,นักศึกษา,"0 - 15,000 บาท",บันเทิงคดี (ตอบข้อ 3-4) (เป็นหนังสือที่มีเนื้อหาให้ความบันเทิงแก่ผู้อ่าน),,นิยายภาพ,ผจญภัย / แฟนตาซี,นิยาย เเละวรรณกรรม,การศึกษา เเละการเรียนรู้,ประวัติศาสตร์ เเละวัฒนธรรม,หนังสือการ์ตูน,นิยาย,หนังสือท่องเที่ยว,,2 - 3 เดือนครั้ง,นิยาย เเละวรรณกรรม,นิยาย เเละวรรณกรรม,หนังสือการ์ตูน,"หนังสือการ์ตูน, นิยาย",501 - 800 บาท,"801 - 1,000 บาท",-,-,kaiju no8,,,,,,
6/8/2024 8:50,ยินดีตอบแบบสอบถาม,หญิง,15-20 ปี,ปริญญาตรี หรือเทียบเท่า,ธุรกิจส่วนตัว,"15,001 – 30,000 บาท",บันเทิงคดี (ตอบข้อ 3-4) (เป็นหนังสือที่มีเนื้อหาให้ความบันเทิงแก่ผู้อ่าน),,นิยายภาพ,ตลกขำขัน,นิยาย เเละวรรณกรรม,วิทยาการ เเละเทคโนโลยี,สุขภาพ เเละการดูเเลรักษา,หนังสือการ์ตูน,หนังสือท่องเที่ยว,สุขภาพ เเละความงาม,ซื้อออนไลน์,2 - 3 เดือนครั้ง,นิยาย เเละวรรณกรรม,นิยาย เเละวรรณกรรม,หนังสือการ์ตูน,หนังสือการ์ตูน,"801 - 1,000 บาท",201 - 500 บาท,-,-,มาสารภาพรักกับคางุระ,,,,,,
6/8/2024 9:05,ยินดีตอบแบบสอบถาม,ชาย,21-29 ปี,ปริญญาตรี หรือเทียบเท่า,นักศึกษา,"0 - 15,000 บาท",สารคดี (ตอบข้อ 2) (เป็นหนังสือที่มุ่งให้ความรู้แก่ผู้อ่าน มีเนื้อหาหลากหลาย ครอบคลุมวิชาการสาขาต่าง ๆ),งานอดิเรก / งานฝีมือ,,,นิยาย เเละวรรณกรรม,การศึกษา เเละการเรียนรู้,สุขภาพ เเละการดูเเลรักษา,หนังสือการ์ตูน,ไลฟ์สไตล์,ไลฟ์สไตล์,ซื้อที่ร้านหนังสือ,2 - 3 เดือนครั้ง,นิยาย เเละวรรณกรรม,การศึกษา เเละการเรียนรู้,ไลฟ์สไตล์,ไลฟ์สไตล์,501 - 800 บาท,501 - 800 บาท,-,-,how to drawing,,,,,,
6/8/2024 9:16,ยินดีตอบแบบสอบถาม,ชาย,15-20 ปี,ปริญญาตรี หรือเทียบเท่า,นักศึกษา,"0 - 15,000 บาท",สารคดี (ตอบข้อ 2) (เป็นหนังสือที่มุ่งให้ความรู้แก่ผู้อ่าน มีเนื้อหาหลากหลาย ครอบคลุมวิชาการสาขาต่าง ๆ),เทคโนโลยี / คอมพิวเตอร์,,,นิยาย เเละวรรณกรรม,วิทยาการ เเละเทคโนโลยี,การศึกษา เเละการเรียนรู้,หนังสือการ์ตูน,คอมพิวเตอร์,นิยาย,ซื้อที่ร้านหนังสือ,นานกว่า 3 เดือนต่อครั้ง,วิทยาการ เเละเทคโนโลยี,วิทยาการ เเละเทคโนโลยี,คอมพิวเตอร์,คอมพิวเตอร์,501 - 800 บาท,501 - 800 บาท,-,-,เรียนรู้ AI : Deep Learning ด้วย Python,,,,,,
6/8/2024 9:26,ยินดีตอบแบบสอบถาม,ชาย,21-29 ปี,ปริญญาตรี หรือเทียบเท่า,พนักงานบริษัทเอกชน,"0 - 15,000 บาท",บันเทิงคดี (ตอบข้อ 3-4) (เป็นหนังสือที่มีเนื้อหาให้ความบันเทิงแก่ผู้อ่าน),,นวนิยาย,ความรัก,นิยาย เเละวรรณกรรม,วิทยาการ เเละเทคโนโลยี,ประวัติศาสตร์ เเละวัฒนธรรม,นิยาย,หนังสือการ์ตูน,คอมพิวเตอร์,ซื้อที่ร้านหนังสือ,2 - 3 เดือนครั้ง,นิยาย เเละวรรณกรรม,นิยาย เเละวรรณกรรม,นิยาย,นิยาย,501 - 800 บาท,201 - 500 บาท,-,ขาดคุณนางฟ้าข้างห้องไป ผมคงมีชีวิตต่อไปไม่ได้อีกแล้ว,ขาดคุณนางฟ้าข้างห้องไป ผมคงมีชีวิตต่อไปไม่ได้อีกแล้ว,,,,,,
31/07/2024 15:33:11,ยินดีตอบแบบสอบถาม,หญิง,30-39 ปี,ปริญญาโท,พนักงานบริษัทเอกชน,"30,001 – 50,000 บาท",สารคดี (ตอบข้อ 2) (เป็นหนังสือที่มุ่งให้ความรู้แก่ผู้อ่าน มีเนื้อหาหลากหลาย ครอบคลุมวิชาการสาขาต่าง ๆ),เทคโนโลยี / คอมพิวเตอร์,นวนิยาย,ฆาตกรรม / สืบสวน สอบสวน,วิทยาการ เเละเทคโนโลยี,การศึกษา เเละการเรียนรู้,นิยาย เเละวรรณกรรม,คอมพิวเตอร์,หนังสือท่องเที่ยว,สุขภาพ เเละความงาม,ซื้อออนไลน์,เดือนละครั้ง,"วิทยาการ เเละเทคโนโลยี, การศึกษา เเละการเรียนรู้, ธุรกิจ เเละการเงิน","วิทยาการ เเละเทคโนโลยี, การศึกษา เเละการเรียนรู้, ธุรกิจ เเละการเงิน","หนังสือท่องเที่ยว, คอมพิวเตอร์, หนังสือต่างประเทศ","หนังสือท่องเที่ยว, คอมพิวเตอร์, หนังสือต่างประเทศ","801 - 1,000 บาท",201 - 500 บาท,,วิเคราะห์แบบโคนัน,วิเคราะห์แบบโคนัน,,,,,,
31/07/2024 15:42:32,ยินดีตอบแบบสอบถาม,ชาย,21-29 ปี,ปริญญาตรี หรือเทียบเท่า,พนักงานบริษัทเอกชน,"30,001 – 50,000 บาท",สารคดี (ตอบข้อ 2) (เป็นหนังสือที่มุ่งให้ความรู้แก่ผู้อ่าน มีเนื้อหาหลากหลาย ครอบคลุมวิชาการสาขาต่าง ๆ),เทคโนโลยี / คอมพิวเตอร์,,,วิทยาการ เเละเทคโนโลยี,สุขภาพ เเละการดูเเลรักษา,ธุรกิจ เเละการเงิน,นิยาย,สุขภาพ เเละความงาม,คอมพิวเตอร์,ซื้อที่ร้านหนังสือ,นานกว่า 3 เดือนต่อครั้ง,ธุรกิจ เเละการเงิน,ธุรกิจ เเละการเงิน,คอมพิวเตอร์,"สุขภาพ เเละความงาม, คอมพิวเตอร์",501 - 800 บาท,201 - 500 บาท,,การลงทุน,การลงทุน,,,,,,
31/07/2024 15:45:19,ยินดีตอบแบบสอบถาม,ชาย,21-29 ปี,ปริญญาตรี หรือเทียบเท่า,พนักงานบริษัทเอกชน,"30,001 – 50,000 บาท",บันเทิงคดี (ตอบข้อ 3-4) (เป็นหนังสือที่มีเนื้อหาให้ความบันเทิงแก่ผู้อ่าน),วิชาการ / ความรู้ทั่วไป,เรื่องสั้น,ตลกขำขัน,การศึกษา เเละการเรียนรู้,วิทยาการ เเละเทคโนโลยี,สุขภาพ เเละการดูเเลรักษา,คอมพิวเตอร์,หนังสือต่างประเทศ,หนังสือการ์ตูน,ซื้อออนไลน์,นานกว่า 3 เดือนต่อครั้ง,none,none,none,none,ไม่เกิน 200 บาท,ไม่เกิน 200 บาท,,ขายหัวเราะ,none,,,,,,
31/07/2024 15:56:09,ยินดีตอบแบบสอบถาม,หญิง,30-39 ปี,ปริญญาตรี หรือเทียบเท่า,พนักงานบริษัทเอกชน,"30,001 – 50,000 บาท",บันเทิงคดี (ตอบข้อ 3-4) (เป็นหนังสือที่มีเนื้อหาให้ความบันเทิงแก่ผู้อ่าน),,นิยายภาพ,,ประวัติศาสตร์ เเละวัฒนธรรม,วิทยาการ เเละเทคโนโลยี,นิยาย เเละวรรณกรรม,หนังสือท่องเที่ยว,วรรณกรรม,ไลฟ์สไตล์,ซื้อที่ร้านหนังสือ,นานกว่า 3 เดือนต่อครั้ง,ประวัติศาสตร์ เเละวัฒนธรรม,นิยาย เเละวรรณกรรม,หนังสือท่องเที่ยว,ไลฟ์สไตล์,"801 - 1,000 บาท","801 - 1,000 บาท",,เชอล้อคโฮม,เชอร์ล้อคโฮม,,,,,,
31/07/2024 16:49:48,ยินดีตอบแบบสอบถาม,ชาย,21-29 ปี,ปริญญาตรี หรือเทียบเท่า,พนักงานบริษัทเอกชน,"30,001 – 50,000 บาท",บันเทิงคดี (ตอบข้อ 3-4) (เป็นหนังสือที่มีเนื้อหาให้ความบันเทิงแก่ผู้อ่าน),สุขภาพ / อาหาร / ความงาม,นวนิยาย,ฆาตกรรม / สืบสวน สอบสวน,นิยาย เเละวรรณกรรม,ประวัติศาสตร์ เเละวัฒนธรรม,สุขภาพ เเละการดูเเลรักษา,หนังสือการ์ตูน,นิยาย,คอมพิวเตอร์,ซื้อที่ร้านหนังสือ,นานกว่า 3 เดือนต่อครั้ง,นิยาย เเละวรรณกรรม,นิยาย เเละวรรณกรรม,"หนังสือการ์ตูน, นิยาย","หนังสือการ์ตูน, นิยาย",201 - 500 บาท,ไม่เกิน 200 บาท,,คดีฆาตกรรมในบ้านสิบเหลี่ยม,หนังสือการ์ตูน นิยายฆาตกรรมสอบสวน,,,,,,
31/07/2024 17:04:10,ยินดีตอบแบบสอบถาม,ชาย,21-29 ปี,ปริญญาตรี หรือเทียบเท่า,พนักงานบริษัทเอกชน,"30,001 – 50,000 บาท",บันเทิงคดี (ตอบข้อ 3-4) (เป็นหนังสือที่มีเนื้อหาให้ความบันเทิงแก่ผู้อ่าน),จิตวิทยา / พัฒนาตนเอง,นวนิยาย,ผจญภัย / แฟนตาซี,นิยาย เเละวรรณกรรม,ธุรกิจ เเละการเงิน,วิทยาการ เเละเทคโนโลยี,วรรณกรรม,นิยาย,หนังสือการ์ตูน,ซื้อที่ร้านหนังสือ,2 - 3 เดือนครั้ง,"นิยาย เเละวรรณกรรม, ธุรกิจ เเละการเงิน","นิยาย เเละวรรณกรรม, ธุรกิจ เเละการเงิน","นิยาย, วรรณกรรม","นิยาย, วรรณกรรม",201 - 500 บาท,201 - 500 บาท,องอาจ ชัยชาญชีพ,หัวแตงโม,หลุมลับ,,,,,,
31/07/2024 17:12:26,ยินดีตอบแบบสอบถาม,หญิง,21-29 ปี,ปริญญาตรี หรือเทียบเท่า,พนักงานบริษัทเอกชน,"15,001 – 30,000 บาท",บันเทิงคดี (ตอบข้อ 3-4) (เป็นหนังสือที่มีเนื้อหาให้ความบันเทิงแก่ผู้อ่าน),,เรื่องสั้น,ฆาตกรรม / สืบสวน สอบสวน,การศึกษา เเละการเรียนรู้,วิทยาการ เเละเทคโนโลยี,ธุรกิจ เเละการเงิน,หนังสือเรียน,คอมพิวเตอร์,หนังสือต่างประเทศ,ซื้อที่ร้านหนังสือ,นานกว่า 3 เดือนต่อครั้ง,นิยาย เเละวรรณกรรม,วิทยาการ เเละเทคโนโลยี,นิยาย,คอมพิวเตอร์,201 - 500 บาท,ไม่เกิน 200 บาท,,คำสารภาพ,"คำสารภาพ, ภาพวาดปริศนากับการตามหาฆาตรกร",,,,,,
